USE FBD2020_1_5312;
SET DATEFORMAT ymd;

-- Insertamos datos de Empleados
SET IDENTITY_INSERT Empleados ON;
insert into Empleados (idEmpleado, apellido, nombre, titulo, tituloDeCortesia, fechaNacimiento, fechaContratacion, direccion, ciudad, region, codigoPostal, pais, telefonoCasa, extension, Foto, Notas, reportaAEmpleado, pathFoto) values (1, 'Rogger', 'Mira', 'Research Assistant IV', 'Rev', '1966-10-21 03:36:03', '1999-11-28 14:29:03', '20472 Nancy Point', 'Sarana', 'Corral de Bust', '442-6441-', 'Russia', '(370) 2028621', '9758', 'data:image/png;base64,iVBORw0KGgoAAAANSUhEUgAAABA', 'Proin eu mi. Nulla ac enim. In tempor, turpis nec euismod scelerisque, quam turpis adipiscing lorem, vitae mattis nibh ligula nec sem.

Duis aliquam convallis nunc. Proin at turpis a pede posuere nonummy. Integer non velit.', null, 'http://dummyimage.com/250x104.png/dddddd/000000');
insert into Empleados (idEmpleado, apellido, nombre, titulo, tituloDeCortesia, fechaNacimiento, fechaContratacion, direccion, ciudad, region, codigoPostal, pais, telefonoCasa, extension, Foto, Notas, reportaAEmpleado, pathFoto) values (2, 'Lemerle', 'Mahmoud', 'Associate Professor', 'Mrs', '2009-07-21 15:14:44', '1995-03-17 17:45:14', '0 Brickson Park Alley', 'Lamalewar', 'Shchëkino', '799-9067-', 'Indonesia', '(717) 5269242', '0818', 'data:image/png;base64,iVBORw0KGgoAAAANSUhEUgAAABA', 'Duis bibendum, felis sed interdum venenatis, turpis enim blandit mi, in porttitor pede justo eu massa. Donec dapibus. Duis at velit eu est congue elementum.', null, 'http://dummyimage.com/230x148.bmp/cc0000/ffffff');
insert into Empleados (idEmpleado, apellido, nombre, titulo, tituloDeCortesia, fechaNacimiento, fechaContratacion, direccion, ciudad, region, codigoPostal, pais, telefonoCasa, extension, Foto, Notas, reportaAEmpleado, pathFoto) values (3, 'Pedrocchi', 'Hartley', 'Financial Advisor', 'Dr', '1962-10-10 02:14:07', '1992-12-23 07:47:19', '9505 Elgar Circle', 'Bacacay', 'Swedru', '587-9867-', 'Philippines', '(806) 5117702', '2974', 'data:image/png;base64,iVBORw0KGgoAAAANSUhEUgAAABA', 'Morbi non lectus. Aliquam sit amet diam in magna bibendum imperdiet. Nullam orci pede, venenatis non, sodales sed, tincidunt eu, felis.

Fusce posuere felis sed lacus. Morbi sem mauris, laoreet ut, rhoncus aliquet, pulvinar sed, nisl. Nunc rhoncus dui vel sem.', null, 'http://dummyimage.com/130x184.bmp/5fa2dd/ffffff');
insert into Empleados (idEmpleado, apellido, nombre, titulo, tituloDeCortesia, fechaNacimiento, fechaContratacion, direccion, ciudad, region, codigoPostal, pais, telefonoCasa, extension, Foto, Notas, reportaAEmpleado, pathFoto) values (4, 'Britton', 'Somerset', 'Registered Nurse', 'Mr', '1952-11-01 01:37:45', '1993-02-28 19:10:24', '567 Londonderry Court', 'Bizhbulyak', 'Daja', '533-2833-', 'Russia', '(293) 6242477', '3843', 'data:image/png;base64,iVBORw0KGgoAAAANSUhEUgAAABA', 'Nam ultrices, libero non mattis pulvinar, nulla pede ullamcorper augue, a suscipit nulla elit ac nulla. Sed vel enim sit amet nunc viverra dapibus. Nulla suscipit ligula in lacus.

Curabitur at ipsum ac tellus semper interdum. Mauris ullamcorper purus sit amet nulla. Quisque arcu libero, rutrum ac, lobortis vel, dapibus at, diam.', null, 'http://dummyimage.com/207x154.png/cc0000/ffffff');
insert into Empleados (idEmpleado, apellido, nombre, titulo, tituloDeCortesia, fechaNacimiento, fechaContratacion, direccion, ciudad, region, codigoPostal, pais, telefonoCasa, extension, Foto, Notas, reportaAEmpleado, pathFoto) values (5, 'Ruffell', 'Kiley', 'Staff Accountant IV', 'Honorable', '1952-02-08 04:51:47', '1999-11-09 22:45:08', '06 Southridge Pass', 'Siepraw', 'Chłapowo', '999-0189-', 'Poland', '(996) 9937303', '3731', 'data:image/png;base64,iVBORw0KGgoAAAANSUhEUgAAABA', 'Maecenas leo odio, condimentum id, luctus nec, molestie sed, justo. Pellentesque viverra pede ac diam. Cras pellentesque volutpat dui.

Maecenas tristique, est et tempus semper, est quam pharetra magna, ac consequat metus sapien ut nunc. Vestibulum ante ipsum primis in faucibus orci luctus et ultrices posuere cubilia Curae; Mauris viverra diam vitae quam. Suspendisse potenti.', null, 'http://dummyimage.com/140x191.jpg/dddddd/000000');
insert into Empleados (idEmpleado, apellido, nombre, titulo, tituloDeCortesia, fechaNacimiento, fechaContratacion, direccion, ciudad, region, codigoPostal, pais, telefonoCasa, extension, Foto, Notas, reportaAEmpleado, pathFoto) values (6, 'Di Filippo', 'Livvyy', 'Social Worker', 'Rev', '1955-10-29 00:24:07', '1999-09-15 23:44:23', '3777 Hagan Center', 'Simpang', 'Pacaycasa', '573-3850-', 'Indonesia', '(279) 3196094', '7478', 'data:image/png;base64,iVBORw0KGgoAAAANSUhEUgAAABA', 'In sagittis dui vel nisl. Duis ac nibh. Fusce lacus purus, aliquet at, feugiat non, pretium quis, lectus.', null, 'http://dummyimage.com/196x177.jpg/dddddd/000000');
insert into Empleados (idEmpleado, apellido, nombre, titulo, tituloDeCortesia, fechaNacimiento, fechaContratacion, direccion, ciudad, region, codigoPostal, pais, telefonoCasa, extension, Foto, Notas, reportaAEmpleado, pathFoto) values (7, 'MacGlory', 'Georgie', 'VP Product Management', 'Honorable', '1962-10-27 23:42:12', '2017-02-24 00:43:35', '01 Pankratz Lane', 'Nanyulinxi', 'Solnechnyy', '170-2035-', 'China', '(556) 8045781', '1434', 'data:image/png;base64,iVBORw0KGgoAAAANSUhEUgAAABA', 'Duis bibendum, felis sed interdum venenatis, turpis enim blandit mi, in porttitor pede justo eu massa. Donec dapibus. Duis at velit eu est congue elementum.', null, 'http://dummyimage.com/116x233.bmp/dddddd/000000');
insert into Empleados (idEmpleado, apellido, nombre, titulo, tituloDeCortesia, fechaNacimiento, fechaContratacion, direccion, ciudad, region, codigoPostal, pais, telefonoCasa, extension, Foto, Notas, reportaAEmpleado, pathFoto) values (8, 'Armatage', 'Karoly', 'Software Engineer II', 'Ms', '1954-03-22 05:01:51', '2018-04-08 02:01:34', '95 Esker Way', 'Winschoten', 'Moravská Nová ', '437-9273-', 'Netherlands', '(273) 6454691', '2270', 'data:image/png;base64,iVBORw0KGgoAAAANSUhEUgAAABA', 'Nullam sit amet turpis elementum ligula vehicula consequat. Morbi a ipsum. Integer a nibh.

In quis justo. Maecenas rhoncus aliquam lacus. Morbi quis tortor id nulla ultrices aliquet.', null, 'http://dummyimage.com/125x190.png/cc0000/ffffff');
insert into Empleados (idEmpleado, apellido, nombre, titulo, tituloDeCortesia, fechaNacimiento, fechaContratacion, direccion, ciudad, region, codigoPostal, pais, telefonoCasa, extension, Foto, Notas, reportaAEmpleado, pathFoto) values (9, 'Hames', 'Harrison', 'Project Manager', 'Rev', '1974-10-16 04:26:37', '2003-01-13 00:08:14', '6341 Hovde Street', 'Ibiporã', 'Ḩalḩūl', '957-6297-', 'Brazil', '(511) 6672804', '7157', 'data:image/png;base64,iVBORw0KGgoAAAANSUhEUgAAABA', 'Aenean lectus. Pellentesque eget nunc. Donec quis orci eget orci vehicula condimentum.

Curabitur in libero ut massa volutpat convallis. Morbi odio odio, elementum eu, interdum eu, tincidunt in, leo. Maecenas pulvinar lobortis est.', null, 'http://dummyimage.com/219x212.png/5fa2dd/ffffff');
insert into Empleados (idEmpleado, apellido, nombre, titulo, tituloDeCortesia, fechaNacimiento, fechaContratacion, direccion, ciudad, region, codigoPostal, pais, telefonoCasa, extension, Foto, Notas, reportaAEmpleado, pathFoto) values (10, 'Ashfield', 'Onida', 'Senior Developer', 'Dr', '1964-10-27 10:30:46', '2014-06-20 19:55:01', '30 Prairie Rose Circle', 'Ershilipu', 'Glencoe', '793-8662-', 'China', '(588) 7551804', '8878', 'data:image/png;base64,iVBORw0KGgoAAAANSUhEUgAAABA', 'Lorem ipsum dolor sit amet, consectetuer adipiscing elit. Proin risus. Praesent lectus.', null, 'http://dummyimage.com/245x236.bmp/dddddd/000000');
insert into Empleados (idEmpleado, apellido, nombre, titulo, tituloDeCortesia, fechaNacimiento, fechaContratacion, direccion, ciudad, region, codigoPostal, pais, telefonoCasa, extension, Foto, Notas, reportaAEmpleado, pathFoto) values (11, 'O''Gavin', 'Sutherlan', 'Mechanical Systems Engineer', 'Mrs', '1990-07-18 11:04:17', '1991-11-12 00:12:13', '62326 Lotheville Plaza', 'Barbudo', 'Nantes', '745-6253-', 'Portugal', '(262) 2074497', '8702', 'data:image/png;base64,iVBORw0KGgoAAAANSUhEUgAAABA', 'In quis justo. Maecenas rhoncus aliquam lacus. Morbi quis tortor id nulla ultrices aliquet.

Maecenas leo odio, condimentum id, luctus nec, molestie sed, justo. Pellentesque viverra pede ac diam. Cras pellentesque volutpat dui.', null, 'http://dummyimage.com/143x104.png/cc0000/ffffff');
insert into Empleados (idEmpleado, apellido, nombre, titulo, tituloDeCortesia, fechaNacimiento, fechaContratacion, direccion, ciudad, region, codigoPostal, pais, telefonoCasa, extension, Foto, Notas, reportaAEmpleado, pathFoto) values (12, 'Pionter', 'Onida', 'Environmental Tech', 'Dr', '1973-02-28 22:38:24', '2002-04-07 18:58:23', '96313 Mitchell Place', 'Kedungasem', 'Katagum', '045-7214-', 'Indonesia', '(635) 4843365', '3269', 'data:image/png;base64,iVBORw0KGgoAAAANSUhEUgAAABA', 'Nullam sit amet turpis elementum ligula vehicula consequat. Morbi a ipsum. Integer a nibh.', null, 'http://dummyimage.com/166x200.bmp/5fa2dd/ffffff');
insert into Empleados (idEmpleado, apellido, nombre, titulo, tituloDeCortesia, fechaNacimiento, fechaContratacion, direccion, ciudad, region, codigoPostal, pais, telefonoCasa, extension, Foto, Notas, reportaAEmpleado, pathFoto) values (13, 'Di Lucia', 'Elsi', 'Senior Editor', 'Dr', '1970-07-01 13:20:38', '2000-03-01 23:17:19', '231 Southridge Plaza', 'Giebułtów', 'Urachiche', '343-5588-', 'Poland', '(621) 1030447', '7373', 'data:image/png;base64,iVBORw0KGgoAAAANSUhEUgAAABA', 'Vestibulum ac est lacinia nisi venenatis tristique. Fusce congue, diam id ornare imperdiet, sapien urna pretium nisl, ut volutpat sapien arcu sed augue. Aliquam erat volutpat.', null, 'http://dummyimage.com/105x136.bmp/ff4444/ffffff');
insert into Empleados (idEmpleado, apellido, nombre, titulo, tituloDeCortesia, fechaNacimiento, fechaContratacion, direccion, ciudad, region, codigoPostal, pais, telefonoCasa, extension, Foto, Notas, reportaAEmpleado, pathFoto) values (14, 'Cassells', 'Stefan', 'Geologist I', 'Dr', '1956-02-06 05:47:38', '2003-09-27 19:52:14', '8 Browning Junction', 'Pa Phayom', 'Sekararum', '021-6092-', 'Thailand', '(870) 6257203', '3699', 'data:image/png;base64,iVBORw0KGgoAAAANSUhEUgAAABA', 'In sagittis dui vel nisl. Duis ac nibh. Fusce lacus purus, aliquet at, feugiat non, pretium quis, lectus.

Suspendisse potenti. In eleifend quam a odio. In hac habitasse platea dictumst.', null, 'http://dummyimage.com/147x132.png/5fa2dd/ffffff');
insert into Empleados (idEmpleado, apellido, nombre, titulo, tituloDeCortesia, fechaNacimiento, fechaContratacion, direccion, ciudad, region, codigoPostal, pais, telefonoCasa, extension, Foto, Notas, reportaAEmpleado, pathFoto) values (15, 'Stockbridge', 'Eulalie', 'Geologist I', 'Honorable', '1974-11-23 23:09:13', '1991-05-29 09:15:35', '8961 Tony Terrace', 'Zhaxirabdain', 'Garbolovo', '119-6387-', 'China', '(705) 1852117', '6060', 'data:image/png;base64,iVBORw0KGgoAAAANSUhEUgAAABA', 'Maecenas ut massa quis augue luctus tincidunt. Nulla mollis molestie lorem. Quisque ut erat.

Curabitur gravida nisi at nibh. In hac habitasse platea dictumst. Aliquam augue quam, sollicitudin vitae, consectetuer eget, rutrum at, lorem.', null, 'http://dummyimage.com/223x114.jpg/cc0000/ffffff');
insert into Empleados (idEmpleado, apellido, nombre, titulo, tituloDeCortesia, fechaNacimiento, fechaContratacion, direccion, ciudad, region, codigoPostal, pais, telefonoCasa, extension, Foto, Notas, reportaAEmpleado, pathFoto) values (16, 'Adshead', 'Adan', 'Software Test Engineer I', 'Mr', '1989-09-10 14:24:56', '2006-09-19 14:25:06', '2 Northview Drive', 'Batobato', 'Kungsör', '606-6993-', 'Philippines', '(866) 5118394', '8026', 'data:image/png;base64,iVBORw0KGgoAAAANSUhEUgAAABA', 'Phasellus sit amet erat. Nulla tempus. Vivamus in felis eu sapien cursus vestibulum.

Proin eu mi. Nulla ac enim. In tempor, turpis nec euismod scelerisque, quam turpis adipiscing lorem, vitae mattis nibh ligula nec sem.', null, 'http://dummyimage.com/142x232.jpg/cc0000/ffffff');
insert into Empleados (idEmpleado, apellido, nombre, titulo, tituloDeCortesia, fechaNacimiento, fechaContratacion, direccion, ciudad, region, codigoPostal, pais, telefonoCasa, extension, Foto, Notas, reportaAEmpleado, pathFoto) values (17, 'Snoddon', 'Warden', 'Database Administrator II', 'Honorable', '2007-03-09 22:06:29', '1999-10-22 16:49:10', '0 International Way', 'Perches', 'Rogoźnik', '264-5930-', 'Haiti', '(211) 5350187', '8364', 'data:image/png;base64,iVBORw0KGgoAAAANSUhEUgAAABA', 'In congue. Etiam justo. Etiam pretium iaculis justo.

In hac habitasse platea dictumst. Etiam faucibus cursus urna. Ut tellus.', null, 'http://dummyimage.com/234x193.bmp/dddddd/000000');
insert into Empleados (idEmpleado, apellido, nombre, titulo, tituloDeCortesia, fechaNacimiento, fechaContratacion, direccion, ciudad, region, codigoPostal, pais, telefonoCasa, extension, Foto, Notas, reportaAEmpleado, pathFoto) values (18, 'Curado', 'Marlene', 'Software Test Engineer III', 'Mr', '1970-09-22 10:31:16', '1991-08-14 08:36:05', '81354 Summerview Road', 'Tumba', 'Dongba', '926-4727-', 'Sweden', '(991) 9535812', '7456', 'data:image/png;base64,iVBORw0KGgoAAAANSUhEUgAAABA', 'Curabitur gravida nisi at nibh. In hac habitasse platea dictumst. Aliquam augue quam, sollicitudin vitae, consectetuer eget, rutrum at, lorem.', null, 'http://dummyimage.com/181x165.jpg/5fa2dd/ffffff');
insert into Empleados (idEmpleado, apellido, nombre, titulo, tituloDeCortesia, fechaNacimiento, fechaContratacion, direccion, ciudad, region, codigoPostal, pais, telefonoCasa, extension, Foto, Notas, reportaAEmpleado, pathFoto) values (19, 'Yukhnevich', 'Crichton', 'Information Systems Manager', 'Ms', '1987-08-02 21:53:13', '2005-08-14 14:17:31', '394 Summerview Avenue', 'Mayskiy', 'Wang Nam Yen', '723-1057-', 'Russia', '(249) 1859366', '5256', 'data:image/png;base64,iVBORw0KGgoAAAANSUhEUgAAABA', 'Nam ultrices, libero non mattis pulvinar, nulla pede ullamcorper augue, a suscipit nulla elit ac nulla. Sed vel enim sit amet nunc viverra dapibus. Nulla suscipit ligula in lacus.', null, 'http://dummyimage.com/246x222.png/ff4444/ffffff');
insert into Empleados (idEmpleado, apellido, nombre, titulo, tituloDeCortesia, fechaNacimiento, fechaContratacion, direccion, ciudad, region, codigoPostal, pais, telefonoCasa, extension, Foto, Notas, reportaAEmpleado, pathFoto) values (20, 'Fritter', 'Ivonne', 'Web Designer II', 'Honorable', '1961-04-15 18:54:42', '2008-07-28 16:00:35', '0574 Meadow Vale Alley', 'Dongwan', 'Honjō', '396-3334-', 'China', '(179) 2156313', '4633', 'data:image/png;base64,iVBORw0KGgoAAAANSUhEUgAAABA', 'Duis aliquam convallis nunc. Proin at turpis a pede posuere nonummy. Integer non velit.', null, 'http://dummyimage.com/219x120.jpg/dddddd/000000');
insert into Empleados (idEmpleado, apellido, nombre, titulo, tituloDeCortesia, fechaNacimiento, fechaContratacion, direccion, ciudad, region, codigoPostal, pais, telefonoCasa, extension, Foto, Notas, reportaAEmpleado, pathFoto) values (21, 'Vincent', 'Cleavland', 'Assistant Manager', 'Dr', '1975-01-05 02:11:54', '2005-03-23 05:23:01', '82 Anniversary Parkway', 'Gedaliang', 'Mporokoso', '629-7203-', 'China', '(460) 2373945', '3126', 'data:image/png;base64,iVBORw0KGgoAAAANSUhEUgAAABA', 'Integer ac leo. Pellentesque ultrices mattis odio. Donec vitae nisi.

Nam ultrices, libero non mattis pulvinar, nulla pede ullamcorper augue, a suscipit nulla elit ac nulla. Sed vel enim sit amet nunc viverra dapibus. Nulla suscipit ligula in lacus.', 10, 'http://dummyimage.com/166x225.bmp/cc0000/ffffff');
insert into Empleados (idEmpleado, apellido, nombre, titulo, tituloDeCortesia, fechaNacimiento, fechaContratacion, direccion, ciudad, region, codigoPostal, pais, telefonoCasa, extension, Foto, Notas, reportaAEmpleado, pathFoto) values (22, 'Tissier', 'Israel', 'Safety Technician II', 'Mr', '2004-07-12 20:27:56', '1999-07-16 08:05:16', '10281 Dwight Parkway', 'Pontalina', 'Chortkiv', '821-8107-', 'Brazil', '(619) 6082225', '8714', 'data:image/png;base64,iVBORw0KGgoAAAANSUhEUgAAABA', 'Cras non velit nec nisi vulputate nonummy. Maecenas tincidunt lacus at velit. Vivamus vel nulla eget eros elementum pellentesque.', 2, 'http://dummyimage.com/154x200.jpg/cc0000/ffffff');
insert into Empleados (idEmpleado, apellido, nombre, titulo, tituloDeCortesia, fechaNacimiento, fechaContratacion, direccion, ciudad, region, codigoPostal, pais, telefonoCasa, extension, Foto, Notas, reportaAEmpleado, pathFoto) values (23, 'Salter', 'Harley', 'VP Sales', 'Mrs', '1953-10-31 02:02:07', '1999-02-23 01:34:12', '72 Butterfield Lane', 'Perm', 'Mel’nikovo', '120-8814-', 'Russia', '(693) 9913016', '3555', 'data:image/png;base64,iVBORw0KGgoAAAANSUhEUgAAABA', 'In sagittis dui vel nisl. Duis ac nibh. Fusce lacus purus, aliquet at, feugiat non, pretium quis, lectus.', null, 'http://dummyimage.com/197x232.bmp/ff4444/ffffff');
insert into Empleados (idEmpleado, apellido, nombre, titulo, tituloDeCortesia, fechaNacimiento, fechaContratacion, direccion, ciudad, region, codigoPostal, pais, telefonoCasa, extension, Foto, Notas, reportaAEmpleado, pathFoto) values (24, 'Eynald', 'Brittaney', 'Senior Editor', 'Honorable', '1997-05-30 07:49:38', '1992-10-01 20:14:06', '0828 Blackbird Road', 'Kampungbajo', 'Chok Chai', '929-7207-', 'Indonesia', '(579) 2175845', '9701', 'data:image/png;base64,iVBORw0KGgoAAAANSUhEUgAAABA', 'Fusce posuere felis sed lacus. Morbi sem mauris, laoreet ut, rhoncus aliquet, pulvinar sed, nisl. Nunc rhoncus dui vel sem.

Sed sagittis. Nam congue, risus semper porta volutpat, quam pede lobortis ligula, sit amet eleifend pede libero quis orci. Nullam molestie nibh in lectus.', null, 'http://dummyimage.com/134x200.jpg/ff4444/ffffff');
insert into Empleados (idEmpleado, apellido, nombre, titulo, tituloDeCortesia, fechaNacimiento, fechaContratacion, direccion, ciudad, region, codigoPostal, pais, telefonoCasa, extension, Foto, Notas, reportaAEmpleado, pathFoto) values (25, 'Kettlestringe', 'Tyson', 'Developer I', 'Dr', '1989-04-30 23:38:17', '2002-09-20 14:44:32', '58 Waxwing Crossing', 'Qīr', 'Budta', '592-6731-', 'Iran', '(112) 1311724', '1883', 'data:image/png;base64,iVBORw0KGgoAAAANSUhEUgAAABA', 'Cum sociis natoque penatibus et magnis dis parturient montes, nascetur ridiculus mus. Vivamus vestibulum sagittis sapien. Cum sociis natoque penatibus et magnis dis parturient montes, nascetur ridiculus mus.', 12, 'http://dummyimage.com/246x149.bmp/ff4444/ffffff');
insert into Empleados (idEmpleado, apellido, nombre, titulo, tituloDeCortesia, fechaNacimiento, fechaContratacion, direccion, ciudad, region, codigoPostal, pais, telefonoCasa, extension, Foto, Notas, reportaAEmpleado, pathFoto) values (26, 'Gadeaux', 'Krystle', 'Chief Design Engineer', 'Dr', '1969-11-27 01:57:51', '1998-12-03 06:09:38', '394 6th Crossing', 'Aknoul', 'Alpedrinha', '108-0478-', 'Morocco', '(846) 9258344', '2483', 'data:image/png;base64,iVBORw0KGgoAAAANSUhEUgAAABA', 'Proin eu mi. Nulla ac enim. In tempor, turpis nec euismod scelerisque, quam turpis adipiscing lorem, vitae mattis nibh ligula nec sem.', null, 'http://dummyimage.com/219x182.jpg/5fa2dd/ffffff');
insert into Empleados (idEmpleado, apellido, nombre, titulo, tituloDeCortesia, fechaNacimiento, fechaContratacion, direccion, ciudad, region, codigoPostal, pais, telefonoCasa, extension, Foto, Notas, reportaAEmpleado, pathFoto) values (27, 'Kinner', 'Pauly', 'Social Worker', 'Ms', '2004-12-28 12:32:45', '2019-04-09 10:31:19', '9 Starling Point', 'Koryčany', 'Orissaare', '591-8151-', 'Czech Republic', '(565) 9789457', '3994', 'data:image/png;base64,iVBORw0KGgoAAAANSUhEUgAAABA', 'Duis bibendum. Morbi non quam nec dui luctus rutrum. Nulla tellus.

In sagittis dui vel nisl. Duis ac nibh. Fusce lacus purus, aliquet at, feugiat non, pretium quis, lectus.', null, 'http://dummyimage.com/249x135.jpg/5fa2dd/ffffff');
insert into Empleados (idEmpleado, apellido, nombre, titulo, tituloDeCortesia, fechaNacimiento, fechaContratacion, direccion, ciudad, region, codigoPostal, pais, telefonoCasa, extension, Foto, Notas, reportaAEmpleado, pathFoto) values (28, 'O''Loghlen', 'Marijo', 'Administrative Officer', 'Mr', '1977-02-27 16:16:39', '2007-06-17 21:07:46', '6 Luster Street', 'Zhangbang', 'Skała', '998-6299-', 'China', '(516) 9930652', '8179', 'data:image/png;base64,iVBORw0KGgoAAAANSUhEUgAAABA', 'Aenean lectus. Pellentesque eget nunc. Donec quis orci eget orci vehicula condimentum.

Curabitur in libero ut massa volutpat convallis. Morbi odio odio, elementum eu, interdum eu, tincidunt in, leo. Maecenas pulvinar lobortis est.', 9, 'http://dummyimage.com/202x177.jpg/ff4444/ffffff');
insert into Empleados (idEmpleado, apellido, nombre, titulo, tituloDeCortesia, fechaNacimiento, fechaContratacion, direccion, ciudad, region, codigoPostal, pais, telefonoCasa, extension, Foto, Notas, reportaAEmpleado, pathFoto) values (29, 'Biddles', 'Roth', 'Office Assistant III', 'Mr', '1996-09-30 14:40:40', '2014-11-26 15:14:21', '79 Center Drive', '城郊', 'Río Grande', '623-7825-', 'China', '(385) 9624093', '8868', 'data:image/png;base64,iVBORw0KGgoAAAANSUhEUgAAABA', 'In sagittis dui vel nisl. Duis ac nibh. Fusce lacus purus, aliquet at, feugiat non, pretium quis, lectus.', 18, 'http://dummyimage.com/104x203.bmp/dddddd/000000');
insert into Empleados (idEmpleado, apellido, nombre, titulo, tituloDeCortesia, fechaNacimiento, fechaContratacion, direccion, ciudad, region, codigoPostal, pais, telefonoCasa, extension, Foto, Notas, reportaAEmpleado, pathFoto) values (30, 'Doswell', 'Marita', 'Engineer IV', 'Ms', '1996-03-06 16:27:15', '2004-06-27 09:02:18', '17665 Surrey Junction', 'Tol’yatti', 'Shifo', '633-3290-', 'Russia', '(270) 9028396', '6706', 'data:image/png;base64,iVBORw0KGgoAAAANSUhEUgAAABA', 'In hac habitasse platea dictumst. Morbi vestibulum, velit id pretium iaculis, diam erat fermentum justo, nec condimentum neque sapien placerat ante. Nulla justo.', null, 'http://dummyimage.com/105x170.png/dddddd/000000');
insert into Empleados (idEmpleado, apellido, nombre, titulo, tituloDeCortesia, fechaNacimiento, fechaContratacion, direccion, ciudad, region, codigoPostal, pais, telefonoCasa, extension, Foto, Notas, reportaAEmpleado, pathFoto) values (31, 'Fursey', 'Jerrylee', 'Payment Adjustment Coordinator', 'Honorable', '2007-10-10 14:22:50', '2014-06-27 08:28:36', '0 Hanover Lane', 'Bella Vista', 'Cigadog', '104-4689-', 'Panama', '(402) 3036988', '2101', 'data:image/png;base64,iVBORw0KGgoAAAANSUhEUgAAABA', 'Duis consequat dui nec nisi volutpat eleifend. Donec ut dolor. Morbi vel lectus in quam fringilla rhoncus.

Mauris enim leo, rhoncus sed, vestibulum sit amet, cursus id, turpis. Integer aliquet, massa id lobortis convallis, tortor risus dapibus augue, vel accumsan tellus nisi eu orci. Mauris lacinia sapien quis libero.', 9, 'http://dummyimage.com/249x108.bmp/cc0000/ffffff');
insert into Empleados (idEmpleado, apellido, nombre, titulo, tituloDeCortesia, fechaNacimiento, fechaContratacion, direccion, ciudad, region, codigoPostal, pais, telefonoCasa, extension, Foto, Notas, reportaAEmpleado, pathFoto) values (32, 'McKeveney', 'Susanetta', 'Payment Adjustment Coordinator', 'Dr', '1954-07-20 06:03:58', '1991-11-29 22:37:16', '78 Pankratz Avenue', 'Curibaya', 'Ourentã', '268-2918-', 'Peru', '(649) 3513889', '7405', 'data:image/png;base64,iVBORw0KGgoAAAANSUhEUgAAABA', 'Cras non velit nec nisi vulputate nonummy. Maecenas tincidunt lacus at velit. Vivamus vel nulla eget eros elementum pellentesque.

Quisque porta volutpat erat. Quisque erat eros, viverra eget, congue eget, semper rutrum, nulla. Nunc purus.', null, 'http://dummyimage.com/197x104.png/cc0000/ffffff');
insert into Empleados (idEmpleado, apellido, nombre, titulo, tituloDeCortesia, fechaNacimiento, fechaContratacion, direccion, ciudad, region, codigoPostal, pais, telefonoCasa, extension, Foto, Notas, reportaAEmpleado, pathFoto) values (33, 'Morrill', 'Caralie', 'Staff Scientist', 'Mrs', '1988-02-01 06:35:12', '2017-01-17 18:54:28', '939 Vidon Plaza', 'Évreux', 'Dasht-e Lati', '205-1893-', 'France', '(741) 6505675', '6172', 'data:image/png;base64,iVBORw0KGgoAAAANSUhEUgAAABA', 'Phasellus sit amet erat. Nulla tempus. Vivamus in felis eu sapien cursus vestibulum.', null, 'http://dummyimage.com/135x165.png/cc0000/ffffff');
insert into Empleados (idEmpleado, apellido, nombre, titulo, tituloDeCortesia, fechaNacimiento, fechaContratacion, direccion, ciudad, region, codigoPostal, pais, telefonoCasa, extension, Foto, Notas, reportaAEmpleado, pathFoto) values (34, 'Neaves', 'Saunder', 'Data Coordiator', 'Mr', '1953-11-06 19:49:04', '2000-09-11 13:30:14', '57167 Express Alley', 'Bitica', 'Hagondange', '694-5394-', 'Equatorial Gui', '(423) 4453304', '8931', 'data:image/png;base64,iVBORw0KGgoAAAANSUhEUgAAABA', 'Suspendisse potenti. In eleifend quam a odio. In hac habitasse platea dictumst.

Maecenas ut massa quis augue luctus tincidunt. Nulla mollis molestie lorem. Quisque ut erat.', 3, 'http://dummyimage.com/133x159.bmp/dddddd/000000');
insert into Empleados (idEmpleado, apellido, nombre, titulo, tituloDeCortesia, fechaNacimiento, fechaContratacion, direccion, ciudad, region, codigoPostal, pais, telefonoCasa, extension, Foto, Notas, reportaAEmpleado, pathFoto) values (35, 'Arens', 'Catriona', 'Research Associate', 'Ms', '2004-10-03 00:29:35', '2011-04-08 05:49:05', '9 Golf View Park', 'Jiashi', 'Kamogatachō-ka', '795-5328-', 'China', '(831) 9775710', '4108', 'data:image/png;base64,iVBORw0KGgoAAAANSUhEUgAAABA', 'In sagittis dui vel nisl. Duis ac nibh. Fusce lacus purus, aliquet at, feugiat non, pretium quis, lectus.

Suspendisse potenti. In eleifend quam a odio. In hac habitasse platea dictumst.', 15, 'http://dummyimage.com/189x234.jpg/dddddd/000000');
insert into Empleados (idEmpleado, apellido, nombre, titulo, tituloDeCortesia, fechaNacimiento, fechaContratacion, direccion, ciudad, region, codigoPostal, pais, telefonoCasa, extension, Foto, Notas, reportaAEmpleado, pathFoto) values (36, 'Bowery', 'Alvis', 'Environmental Specialist', 'Honorable', '2004-10-29 08:42:51', '2004-12-04 13:40:12', '67 Hallows Road', 'Ujazd', 'Anh Son', '743-6767-', 'Poland', '(100) 3454162', '0432', 'data:image/png;base64,iVBORw0KGgoAAAANSUhEUgAAABA', 'In hac habitasse platea dictumst. Etiam faucibus cursus urna. Ut tellus.', 10, 'http://dummyimage.com/157x140.png/dddddd/000000');
insert into Empleados (idEmpleado, apellido, nombre, titulo, tituloDeCortesia, fechaNacimiento, fechaContratacion, direccion, ciudad, region, codigoPostal, pais, telefonoCasa, extension, Foto, Notas, reportaAEmpleado, pathFoto) values (37, 'Crebbin', 'Elijah', 'Technical Writer', 'Honorable', '1981-10-13 01:42:45', '1994-05-27 16:50:53', '9055 Rowland Crossing', 'Ouadda', 'Kahnūj', '717-5557-', 'Central Africa', '(482) 4524593', '8151', 'data:image/png;base64,iVBORw0KGgoAAAANSUhEUgAAABA', 'Quisque id justo sit amet sapien dignissim vestibulum. Vestibulum ante ipsum primis in faucibus orci luctus et ultrices posuere cubilia Curae; Nulla dapibus dolor vel est. Donec odio justo, sollicitudin ut, suscipit a, feugiat et, eros.', 36, 'http://dummyimage.com/161x193.jpg/dddddd/000000');
insert into Empleados (idEmpleado, apellido, nombre, titulo, tituloDeCortesia, fechaNacimiento, fechaContratacion, direccion, ciudad, region, codigoPostal, pais, telefonoCasa, extension, Foto, Notas, reportaAEmpleado, pathFoto) values (38, 'Trolley', 'Flossie', 'Librarian', 'Mr', '1991-02-14 18:03:43', '2009-02-14 08:53:16', '8 Dakota Lane', 'Pontivy', 'Bezlyudivka', '634-7816-', 'France', '(866) 9795318', '9152', 'data:image/png;base64,iVBORw0KGgoAAAANSUhEUgAAABA', 'Sed sagittis. Nam congue, risus semper porta volutpat, quam pede lobortis ligula, sit amet eleifend pede libero quis orci. Nullam molestie nibh in lectus.', 28, 'http://dummyimage.com/157x230.jpg/5fa2dd/ffffff');
insert into Empleados (idEmpleado, apellido, nombre, titulo, tituloDeCortesia, fechaNacimiento, fechaContratacion, direccion, ciudad, region, codigoPostal, pais, telefonoCasa, extension, Foto, Notas, reportaAEmpleado, pathFoto) values (39, 'MacVagh', 'Bari', 'Speech Pathologist', 'Dr', '1951-09-01 03:35:30', '2013-03-07 02:54:53', '0906 Lerdahl Way', 'Sumberkrajan', 'Tashkent', '933-3072-', 'Indonesia', '(144) 8309237', '3225', 'data:image/png;base64,iVBORw0KGgoAAAANSUhEUgAAABA', 'Maecenas tristique, est et tempus semper, est quam pharetra magna, ac consequat metus sapien ut nunc. Vestibulum ante ipsum primis in faucibus orci luctus et ultrices posuere cubilia Curae; Mauris viverra diam vitae quam. Suspendisse potenti.

Nullam porttitor lacus at turpis. Donec posuere metus vitae ipsum. Aliquam non mauris.', 17, 'http://dummyimage.com/167x242.bmp/cc0000/ffffff');
insert into Empleados (idEmpleado, apellido, nombre, titulo, tituloDeCortesia, fechaNacimiento, fechaContratacion, direccion, ciudad, region, codigoPostal, pais, telefonoCasa, extension, Foto, Notas, reportaAEmpleado, pathFoto) values (40, 'Janew', 'Myrtie', 'Librarian', 'Honorable', '1981-11-17 00:45:02', '1994-01-12 13:49:02', '9769 Kingsford Center', 'Mijiang', 'Paulínia', '617-2350-', 'China', '(747) 5568889', '1959', 'data:image/png;base64,iVBORw0KGgoAAAANSUhEUgAAABA', 'In hac habitasse platea dictumst. Morbi vestibulum, velit id pretium iaculis, diam erat fermentum justo, nec condimentum neque sapien placerat ante. Nulla justo.

Aliquam quis turpis eget elit sodales scelerisque. Mauris sit amet eros. Suspendisse accumsan tortor quis turpis.', 8, 'http://dummyimage.com/209x227.bmp/5fa2dd/ffffff');
insert into Empleados (idEmpleado, apellido, nombre, titulo, tituloDeCortesia, fechaNacimiento, fechaContratacion, direccion, ciudad, region, codigoPostal, pais, telefonoCasa, extension, Foto, Notas, reportaAEmpleado, pathFoto) values (41, 'Omar', 'Elvira', 'Sales Associate', 'Mr', '2003-07-17 09:38:39', '2015-07-15 00:09:12', '57 Oriole Lane', 'Bandarlampung', 'Vespasiano', '410-6891-', 'Indonesia', '(998) 7067456', '8383', 'data:image/png;base64,iVBORw0KGgoAAAANSUhEUgAAABA', 'Duis bibendum, felis sed interdum venenatis, turpis enim blandit mi, in porttitor pede justo eu massa. Donec dapibus. Duis at velit eu est congue elementum.

In hac habitasse platea dictumst. Morbi vestibulum, velit id pretium iaculis, diam erat fermentum justo, nec condimentum neque sapien placerat ante. Nulla justo.', 8, 'http://dummyimage.com/134x245.bmp/cc0000/ffffff');
insert into Empleados (idEmpleado, apellido, nombre, titulo, tituloDeCortesia, fechaNacimiento, fechaContratacion, direccion, ciudad, region, codigoPostal, pais, telefonoCasa, extension, Foto, Notas, reportaAEmpleado, pathFoto) values (42, 'Billes', 'Annadiana', 'Administrative Assistant I', 'Honorable', '2007-07-22 02:25:59', '1998-03-25 17:09:13', '6546 Shasta Street', 'Peranap', 'Náklo', '157-4076-', 'Indonesia', '(557) 6654291', '1506', 'data:image/png;base64,iVBORw0KGgoAAAANSUhEUgAAABA', 'Curabitur in libero ut massa volutpat convallis. Morbi odio odio, elementum eu, interdum eu, tincidunt in, leo. Maecenas pulvinar lobortis est.', 21, 'http://dummyimage.com/109x115.png/5fa2dd/ffffff');
insert into Empleados (idEmpleado, apellido, nombre, titulo, tituloDeCortesia, fechaNacimiento, fechaContratacion, direccion, ciudad, region, codigoPostal, pais, telefonoCasa, extension, Foto, Notas, reportaAEmpleado, pathFoto) values (43, 'Dacca', 'Inness', 'Analog Circuit Design manager', 'Dr', '1965-07-01 18:57:28', '2001-11-17 16:24:52', '29327 Hoffman Junction', 'Verkhnevilyuysk', 'Bandeirantes', '382-8693-', 'Russia', '(840) 5828260', '1079', 'data:image/png;base64,iVBORw0KGgoAAAANSUhEUgAAABA', 'Duis consequat dui nec nisi volutpat eleifend. Donec ut dolor. Morbi vel lectus in quam fringilla rhoncus.', 7, 'http://dummyimage.com/122x155.png/5fa2dd/ffffff');
insert into Empleados (idEmpleado, apellido, nombre, titulo, tituloDeCortesia, fechaNacimiento, fechaContratacion, direccion, ciudad, region, codigoPostal, pais, telefonoCasa, extension, Foto, Notas, reportaAEmpleado, pathFoto) values (44, 'Leverson', 'Belvia', 'Occupational Therapist', 'Rev', '1989-08-13 09:33:58', '1992-06-02 15:35:45', '85298 Express Court', 'Capela', 'Topolná', '370-8688-', 'Portugal', '(925) 5387226', '6345', 'data:image/png;base64,iVBORw0KGgoAAAANSUhEUgAAABA', 'Fusce consequat. Nulla nisl. Nunc nisl.', 23, 'http://dummyimage.com/203x211.png/cc0000/ffffff');
insert into Empleados (idEmpleado, apellido, nombre, titulo, tituloDeCortesia, fechaNacimiento, fechaContratacion, direccion, ciudad, region, codigoPostal, pais, telefonoCasa, extension, Foto, Notas, reportaAEmpleado, pathFoto) values (45, 'Harms', 'Archy', 'Desktop Support Technician', 'Mrs', '1958-10-06 07:12:57', '2018-10-26 01:18:53', '8404 Granby Park', 'Donggang', 'Santa Elena', '571-1033-', 'China', '(608) 3952600', '9316', 'data:image/png;base64,iVBORw0KGgoAAAANSUhEUgAAABA', 'Mauris enim leo, rhoncus sed, vestibulum sit amet, cursus id, turpis. Integer aliquet, massa id lobortis convallis, tortor risus dapibus augue, vel accumsan tellus nisi eu orci. Mauris lacinia sapien quis libero.

Nullam sit amet turpis elementum ligula vehicula consequat. Morbi a ipsum. Integer a nibh.', 36, 'http://dummyimage.com/161x216.png/ff4444/ffffff');
insert into Empleados (idEmpleado, apellido, nombre, titulo, tituloDeCortesia, fechaNacimiento, fechaContratacion, direccion, ciudad, region, codigoPostal, pais, telefonoCasa, extension, Foto, Notas, reportaAEmpleado, pathFoto) values (46, 'Campanelle', 'Akim', 'Recruiter', 'Ms', '1967-05-25 04:10:48', '2001-08-08 15:57:43', '59867 Nova Way', 'Jambuwerkrajan', 'Kolor', '112-1675-', 'Indonesia', '(508) 5371839', '8304', 'data:image/png;base64,iVBORw0KGgoAAAANSUhEUgAAABA', 'Proin interdum mauris non ligula pellentesque ultrices. Phasellus id sapien in sapien iaculis congue. Vivamus metus arcu, adipiscing molestie, hendrerit at, vulputate vitae, nisl.', 10, 'http://dummyimage.com/184x148.jpg/5fa2dd/ffffff');
insert into Empleados (idEmpleado, apellido, nombre, titulo, tituloDeCortesia, fechaNacimiento, fechaContratacion, direccion, ciudad, region, codigoPostal, pais, telefonoCasa, extension, Foto, Notas, reportaAEmpleado, pathFoto) values (47, 'Danielli', 'Drud', 'Compensation Analyst', 'Rev', '1963-05-04 08:56:05', '1999-10-12 08:22:30', '48697 Maple Center', 'Pendolo', 'Picoto', '227-2898-', 'Indonesia', '(796) 4567374', '1075', 'data:image/png;base64,iVBORw0KGgoAAAANSUhEUgAAABA', 'Integer tincidunt ante vel ipsum. Praesent blandit lacinia erat. Vestibulum sed magna at nunc commodo placerat.

Praesent blandit. Nam nulla. Integer pede justo, lacinia eget, tincidunt eget, tempus vel, pede.', 8, 'http://dummyimage.com/206x114.bmp/5fa2dd/ffffff');
insert into Empleados (idEmpleado, apellido, nombre, titulo, tituloDeCortesia, fechaNacimiento, fechaContratacion, direccion, ciudad, region, codigoPostal, pais, telefonoCasa, extension, Foto, Notas, reportaAEmpleado, pathFoto) values (48, 'Tante', 'Maddy', 'Biostatistician I', 'Rev', '1981-11-02 18:11:40', '2000-05-07 19:11:24', '12 Columbus Junction', 'Toyooka', 'Suyo', '064-5544-', 'Japan', '(302) 7848390', '2553', 'data:image/png;base64,iVBORw0KGgoAAAANSUhEUgAAABA', 'Praesent id massa id nisl venenatis lacinia. Aenean sit amet justo. Morbi ut odio.', null, 'http://dummyimage.com/110x174.bmp/5fa2dd/ffffff');
insert into Empleados (idEmpleado, apellido, nombre, titulo, tituloDeCortesia, fechaNacimiento, fechaContratacion, direccion, ciudad, region, codigoPostal, pais, telefonoCasa, extension, Foto, Notas, reportaAEmpleado, pathFoto) values (49, 'Nono', 'Portia', 'Compensation Analyst', 'Rev', '1997-06-24 15:10:55', '1998-03-27 18:19:38', '50994 Elmside Trail', 'Arbuzynka', 'Santa Eulalia', '808-0498-', 'Ukraine', '(526) 6915056', '8069', 'data:image/png;base64,iVBORw0KGgoAAAANSUhEUgAAABA', 'Sed sagittis. Nam congue, risus semper porta volutpat, quam pede lobortis ligula, sit amet eleifend pede libero quis orci. Nullam molestie nibh in lectus.', 16, 'http://dummyimage.com/113x150.bmp/dddddd/000000');
insert into Empleados (idEmpleado, apellido, nombre, titulo, tituloDeCortesia, fechaNacimiento, fechaContratacion, direccion, ciudad, region, codigoPostal, pais, telefonoCasa, extension, Foto, Notas, reportaAEmpleado, pathFoto) values (50, 'Dressel', 'Ossie', 'Help Desk Technician', 'Ms', '1992-04-08 10:20:06', '2002-02-22 22:24:41', '6522 Wayridge Alley', 'Tchintabaraden', 'Corral', '767-9980-', 'Niger', '(380) 7804370', '1810', 'data:image/png;base64,iVBORw0KGgoAAAANSUhEUgAAABA', 'Praesent id massa id nisl venenatis lacinia. Aenean sit amet justo. Morbi ut odio.', null, 'http://dummyimage.com/202x228.jpg/dddddd/000000');
SET IDENTITY_INSERT Empleados OFF;

-- Insertamos datos de Clientes
insert into Clientes (idCliente, nombreCompania, nombreContacto, cargoContacto, direccion, ciudad, region, codigoPostal, pais, telefono, fax) values ('zhbie', 'Oyoyo', 'Kym Swadlin', 'Dental Hygienist', '45 Loeprich Street', 'Maying', 'Klampok', '0626220061', 'China', '(419) 1151714', '(487) 3637729');
insert into Clientes (idCliente, nombreCompania, nombreContacto, cargoContacto, direccion, ciudad, region, codigoPostal, pais, telefono, fax) values ('aIi19', 'Shufflebeat', 'Diannne Duddy', 'Human Resources Manager', '70174 Hollow Ridge Way', 'Qingxi', 'Lloqan', '3148768042', 'China', '(780) 4960337', '(386) 9582907');
insert into Clientes (idCliente, nombreCompania, nombreContacto, cargoContacto, direccion, ciudad, region, codigoPostal, pais, telefono, fax) values ('op4sQ', 'Kwimbee', 'Pierrette Tomankowski', 'Account Executive', '03726 Porter Circle', 'Arroteia', 'Xingzi', '9114006458', 'Portugal', '(916) 4615324', '(839) 8306783');
insert into Clientes (idCliente, nombreCompania, nombreContacto, cargoContacto, direccion, ciudad, region, codigoPostal, pais, telefono, fax) values ('oLdfQ', 'Mynte', 'Griffin Honeyghan', 'General Manager', '9 Michigan Center', 'Yongfeng', 'Zekou', '3329471076', 'China', '(564) 8839836', '(228) 7137235');
insert into Clientes (idCliente, nombreCompania, nombreContacto, cargoContacto, direccion, ciudad, region, codigoPostal, pais, telefono, fax) values ('huP9P', 'Babbleopia', 'Mortie Lendrem', 'Tax Accountant', '2 Reindahl Avenue', 'Fengping', 'Drayton Valley', '6035762195', 'China', '(530) 2719671', '(234) 5687197');
insert into Clientes (idCliente, nombreCompania, nombreContacto, cargoContacto, direccion, ciudad, region, codigoPostal, pais, telefono, fax) values ('elTkw', 'Meeveo', 'Kordula Tebbet', 'Desktop Support Technician', '04 International Center', 'Lingcheng', 'Los Palacios', '7868653917', 'China', '(725) 1243063', '(821) 1992200');
insert into Clientes (idCliente, nombreCompania, nombreContacto, cargoContacto, direccion, ciudad, region, codigoPostal, pais, telefono, fax) values ('cBppr', 'Izio', 'Cirstoforo Pidler', 'Help Desk Operator', '326 Ryan Avenue', 'Chaman', 'Tata', '1541077496', 'Pakistan', '(193) 4031699', '(377) 5756085');
insert into Clientes (idCliente, nombreCompania, nombreContacto, cargoContacto, direccion, ciudad, region, codigoPostal, pais, telefono, fax) values ('opQoC', 'Plambee', 'Adolphus Brundrett', 'Social Worker', '144 Eliot Parkway', 'Bor', 'Broniszewice', '7569179369', 'Serbia', '(751) 6423480', '(202) 7424648');
insert into Clientes (idCliente, nombreCompania, nombreContacto, cargoContacto, direccion, ciudad, region, codigoPostal, pais, telefono, fax) values ('biPJL', 'Izio', 'Martainn Wigzell', 'Teacher', '4 Gina Junction', 'Tuymazy', 'Sumberagung', '3631290215', 'Russia', '(929) 2206349', '(645) 2320311');
insert into Clientes (idCliente, nombreCompania, nombreContacto, cargoContacto, direccion, ciudad, region, codigoPostal, pais, telefono, fax) values ('q9YEM', 'Cogibox', 'Benetta Halhead', 'Technical Writer', '89 Sutherland Terrace', 'Annapolis', 'Kwaluseni', '9185496410', 'United States', '(301) 5268215', '(363) 4734116');
insert into Clientes (idCliente, nombreCompania, nombreContacto, cargoContacto, direccion, ciudad, region, codigoPostal, pais, telefono, fax) values ('tAHc6', 'Devshare', 'Ag Gerkens', 'Senior Developer', '366 Petterle Trail', 'Paraná', 'Encontrados', '1889068875', 'Argentina', '(979) 5191610', '(856) 3246366');
insert into Clientes (idCliente, nombreCompania, nombreContacto, cargoContacto, direccion, ciudad, region, codigoPostal, pais, telefono, fax) values ('xx70b', 'Skipstorm', 'Nonna Airey', 'Senior Sales Associate', '41 Weeping Birch Pass', 'Ko Samui', 'Qi’an', '6714528566', 'Thailand', '(642) 1618615', '(921) 6340924');
insert into Clientes (idCliente, nombreCompania, nombreContacto, cargoContacto, direccion, ciudad, region, codigoPostal, pais, telefono, fax) values ('waWPk', 'Avamm', 'Eugenie Ramiro', 'Staff Accountant IV', '8458 Birchwood Terrace', 'Lukunor', 'Perstorp', '9993719467', 'Micronesia', '(271) 3707509', '(711) 7233587');
insert into Clientes (idCliente, nombreCompania, nombreContacto, cargoContacto, direccion, ciudad, region, codigoPostal, pais, telefono, fax) values ('q006P', 'Wordify', 'Marley Fontel', 'Assistant Professor', '77 Loftsgordon Park', 'Benhong', 'Chahe', '3890963610', 'China', '(530) 3597734', '(464) 3504155');
insert into Clientes (idCliente, nombreCompania, nombreContacto, cargoContacto, direccion, ciudad, region, codigoPostal, pais, telefono, fax) values ('xI1er', 'Skipstorm', 'Shelden Clarabut', 'Operator', '03574 Vidon Point', 'Katabu', 'Lysogorskaya', '0741670679', 'Indonesia', '(752) 3600783', '(896) 3128441');
insert into Clientes (idCliente, nombreCompania, nombreContacto, cargoContacto, direccion, ciudad, region, codigoPostal, pais, telefono, fax) values ('zzO76', 'Abatz', 'Moises Babidge', 'Nuclear Power Engineer', '611 Hermina Center', 'Xinan', 'Konstantinovo', '2730280218', 'China', '(335) 1765601', '(292) 9226025');
insert into Clientes (idCliente, nombreCompania, nombreContacto, cargoContacto, direccion, ciudad, region, codigoPostal, pais, telefono, fax) values ('hMNxp', 'Cogilith', 'Lezlie Batalle', 'Senior Financial Analyst', '76060 Waxwing Road', 'Nunmanu', 'Sholokhove', '4823462368', 'Indonesia', '(870) 3161726', '(850) 8409587');
insert into Clientes (idCliente, nombreCompania, nombreContacto, cargoContacto, direccion, ciudad, region, codigoPostal, pais, telefono, fax) values ('cO28G', 'Skyndu', 'Rudolph Aveson', 'Director of Sales', '691 Burning Wood Point', 'Little Baguio', 'Kŭlob', '4313701365', 'Philippines', '(949) 7198221', '(911) 8468894');
insert into Clientes (idCliente, nombreCompania, nombreContacto, cargoContacto, direccion, ciudad, region, codigoPostal, pais, telefono, fax) values ('gGNwG', 'Skidoo', 'Anneliese Saint', 'Safety Technician III', '49 Myrtle Plaza', 'Otrado-Kubansk', 'Karanganyar', '2133370167', 'Russia', '(333) 5250958', '(772) 2923551');
insert into Clientes (idCliente, nombreCompania, nombreContacto, cargoContacto, direccion, ciudad, region, codigoPostal, pais, telefono, fax) values ('zDjBq', 'Yodel', 'Romonda Dallison', 'Staff Accountant IV', '293 Arrowood Hill', 'Alexandroúpoli', 'Savski Venac', '7007789260', 'Greece', '(915) 3349924', '(167) 7505067');
insert into Clientes (idCliente, nombreCompania, nombreContacto, cargoContacto, direccion, ciudad, region, codigoPostal, pais, telefono, fax) values ('dZVg9', 'BlogXS', 'Nanete Pullan', 'Systems Administrator IV', '36 Chinook Pass', 'Wohyń', 'Przesmyki', '2278718634', 'Poland', '(890) 6488983', '(622) 4743894');
insert into Clientes (idCliente, nombreCompania, nombreContacto, cargoContacto, direccion, ciudad, region, codigoPostal, pais, telefono, fax) values ('bd3yN', 'BlogXS', 'Charley Brierly', 'Assistant Professor', '289 Corscot Crossing', 'Lugar Novo', 'Sindang', '4194989592', 'Portugal', '(791) 4756388', '(826) 4104645');
insert into Clientes (idCliente, nombreCompania, nombreContacto, cargoContacto, direccion, ciudad, region, codigoPostal, pais, telefono, fax) values ('sTxhz', 'Fivebridge', 'Tabbatha Mulles', 'GIS Technical Architect', '348 Towne Avenue', 'Vol’nyy Aul', 'Nangalisan', '8223025341', 'Russia', '(228) 2044995', '(981) 1404164');
insert into Clientes (idCliente, nombreCompania, nombreContacto, cargoContacto, direccion, ciudad, region, codigoPostal, pais, telefono, fax) values ('fVhOh', 'Twimm', 'Gan Eborall', 'Senior Sales Associate', '6 Montana Crossing', 'Tyrnyauz', 'Krajan Timur M', '8833286897', 'Russia', '(288) 9737116', '(363) 8726209');
insert into Clientes (idCliente, nombreCompania, nombreContacto, cargoContacto, direccion, ciudad, region, codigoPostal, pais, telefono, fax) values ('n2FMY', 'Thoughtbridge', 'Jo-ann De Ambrosis', 'Senior Financial Analyst', '05 Lighthouse Bay Way', 'Bailu', 'Burgos', '2108180726', 'China', '(909) 8589930', '(986) 5643040');
insert into Clientes (idCliente, nombreCompania, nombreContacto, cargoContacto, direccion, ciudad, region, codigoPostal, pais, telefono, fax) values ('flyZc', 'Photospace', 'Kendall Bycraft', 'Marketing Manager', '9 Springs Drive', 'Clarin', 'As Suwaydā’', '1377448713', 'Philippines', '(786) 5026280', '(563) 7141114');
insert into Clientes (idCliente, nombreCompania, nombreContacto, cargoContacto, direccion, ciudad, region, codigoPostal, pais, telefono, fax) values ('jYV1i', 'Ozu', 'Barde Sambidge', 'Budget/Accounting Analyst III', '66067 Carpenter Avenue', 'Xiaozhen', 'Cáchira', '4343099416', 'China', '(115) 8070515', '(371) 4811628');
insert into Clientes (idCliente, nombreCompania, nombreContacto, cargoContacto, direccion, ciudad, region, codigoPostal, pais, telefono, fax) values ('cbVpI', 'DabZ', 'Jo-anne Dowdam', 'Professor', '9824 Steensland Pass', 'Mbandaka', 'Lizhuang', '3725116769', 'Democratic Rep', '(981) 8458465', '(487) 8109651');
insert into Clientes (idCliente, nombreCompania, nombreContacto, cargoContacto, direccion, ciudad, region, codigoPostal, pais, telefono, fax) values ('m44CT', 'Rhyzio', 'Garnette Gomery', 'Senior Sales Associate', '83 Bluejay Pass', 'Cololaca', 'Białogard', '2563297726', 'Honduras', '(108) 7402549', '(582) 5986437');
insert into Clientes (idCliente, nombreCompania, nombreContacto, cargoContacto, direccion, ciudad, region, codigoPostal, pais, telefono, fax) values ('gLUpM', 'Fivechat', 'Jeffrey Delany', 'Nurse', '29 Saint Paul Terrace', 'Yongchang', 'Vulcan', '1950030688', 'China', '(986) 5283511', '(756) 4137549');
insert into Clientes (idCliente, nombreCompania, nombreContacto, cargoContacto, direccion, ciudad, region, codigoPostal, pais, telefono, fax) values ('pOEN6', 'Eazzy', 'Ynes Iskower', 'Software Engineer II', '96 Division Hill', 'Gandara', 'Kuta', '4824331738', 'Philippines', '(736) 6134734', '(940) 9725837');
insert into Clientes (idCliente, nombreCompania, nombreContacto, cargoContacto, direccion, ciudad, region, codigoPostal, pais, telefono, fax) values ('nsjAF', 'Miboo', 'Krissie Crawshay', 'Marketing Manager', '0161 Sachtjen Drive', 'Medina', 'Port Colborne', '0881180687', 'Brazil', '(647) 7668679', '(435) 4711612');
insert into Clientes (idCliente, nombreCompania, nombreContacto, cargoContacto, direccion, ciudad, region, codigoPostal, pais, telefono, fax) values ('g6MtB', 'Jaxworks', 'Denice Roseveare', 'Assistant Media Planner', '518 Loftsgordon Point', 'Rolante', 'Dongkeng', '2603001371', 'Brazil', '(703) 2439648', '(499) 6975137');
insert into Clientes (idCliente, nombreCompania, nombreContacto, cargoContacto, direccion, ciudad, region, codigoPostal, pais, telefono, fax) values ('jUlby', 'Zooxo', 'Hesther Crowden', 'Nuclear Power Engineer', '51543 Homewood Hill', 'Beiyang', 'Tiechang', '8471556236', 'China', '(123) 1455471', '(675) 6753148');
insert into Clientes (idCliente, nombreCompania, nombreContacto, cargoContacto, direccion, ciudad, region, codigoPostal, pais, telefono, fax) values ('v0daC', 'Shufflebeat', 'Carlina Fundell', 'Mechanical Systems Engineer', '9 Eastlawn Circle', 'Caen', 'Sanquan', '6852488679', 'France', '(150) 5203593', '(286) 2780029');
insert into Clientes (idCliente, nombreCompania, nombreContacto, cargoContacto, direccion, ciudad, region, codigoPostal, pais, telefono, fax) values ('wE8T6', 'Tavu', 'Tucker Pretswell', 'GIS Technical Architect', '8 Moulton Road', 'Napalitan', 'Kitwe', '2436038880', 'Philippines', '(385) 6205138', '(401) 7403662');
insert into Clientes (idCliente, nombreCompania, nombreContacto, cargoContacto, direccion, ciudad, region, codigoPostal, pais, telefono, fax) values ('kh3tp', 'Fivechat', 'Elvin Wadley', 'Computer Systems Analyst II', '57 Glendale Hill', 'Ghouazi', 'Abū Ghaush', '1187735811', 'Morocco', '(583) 7017466', '(510) 7799734');
insert into Clientes (idCliente, nombreCompania, nombreContacto, cargoContacto, direccion, ciudad, region, codigoPostal, pais, telefono, fax) values ('kRE1Z', 'Talane', 'Richie Dislee', 'Environmental Tech', '55105 Kedzie Trail', 'Chacarita', 'Dassun', '6579065421', 'Costa Rica', '(718) 1392429', '(483) 3468458');
insert into Clientes (idCliente, nombreCompania, nombreContacto, cargoContacto, direccion, ciudad, region, codigoPostal, pais, telefono, fax) values ('uN7dE', 'Meevee', 'Donelle Standeven', 'Help Desk Technician', '62 Raven Plaza', 'Lai Lai Bisi K', 'Boafeo', '4572734407', 'Indonesia', '(451) 6627874', '(526) 8687779');
insert into Clientes (idCliente, nombreCompania, nombreContacto, cargoContacto, direccion, ciudad, region, codigoPostal, pais, telefono, fax) values ('fteMa', 'Topicblab', 'Gratia Pawling', 'Editor', '3789 Tennyson Circle', 'Richmond', 'Abéché', '9510998149', 'Canada', '(434) 6705701', '(390) 4866488');
insert into Clientes (idCliente, nombreCompania, nombreContacto, cargoContacto, direccion, ciudad, region, codigoPostal, pais, telefono, fax) values ('rgkU6', 'Babbleset', 'Willem Lucey', 'Nurse', '3 Sugar Drive', 'Amieira do Tejo', 'Karangmangu', '9238465369', 'Portugal', '(541) 1839239', '(293) 9951645');
insert into Clientes (idCliente, nombreCompania, nombreContacto, cargoContacto, direccion, ciudad, region, codigoPostal, pais, telefono, fax) values ('oZLjg', 'Oyope', 'Winthrop Klink', 'Research Assistant III', '7 Lyons Road', 'Fraga', 'Zagreb - Centar', '1767078569', 'Portugal', '(121) 5828537', '(845) 3443322');
insert into Clientes (idCliente, nombreCompania, nombreContacto, cargoContacto, direccion, ciudad, region, codigoPostal, pais, telefono, fax) values ('mwGhc', 'Flashdog', 'Ennis McMenamy', 'Community Outreach Specialist', '1050 Manitowish Way', 'Marseille', 'Zemlyansk', '6123878653', 'France', '(396) 5732686', '(982) 1276379');
insert into Clientes (idCliente, nombreCompania, nombreContacto, cargoContacto, direccion, ciudad, region, codigoPostal, pais, telefono, fax) values ('luJT0', 'Edgepulse', 'Muriel Schultz', 'GIS Technical Architect', '69213 Prairie Rose Park', 'Tver', 'Alto do Estanq', '6516543279', 'Russia', '(583) 7238314', '(103) 2705228');
insert into Clientes (idCliente, nombreCompania, nombreContacto, cargoContacto, direccion, ciudad, region, codigoPostal, pais, telefono, fax) values ('l1j6q', 'Tekfly', 'Susie De Bernardis', 'Automation Specialist III', '49 Northport Avenue', 'Trelew', 'Kalnibolotskaya', '8619829277', 'Argentina', '(695) 8812709', '(903) 3754080');
insert into Clientes (idCliente, nombreCompania, nombreContacto, cargoContacto, direccion, ciudad, region, codigoPostal, pais, telefono, fax) values ('jjYq2', 'Kaymbo', 'Cos Nasi', 'Quality Control Specialist', '0634 Tony Point', 'Mahdishahr', 'Gllogjan', '6350874718', 'Iran', '(117) 1265269', '(463) 1708975');
insert into Clientes (idCliente, nombreCompania, nombreContacto, cargoContacto, direccion, ciudad, region, codigoPostal, pais, telefono, fax) values ('tnjNx', 'Skyvu', 'Holmes Waldram', 'Staff Accountant IV', '95 Welch Plaza', 'Huxu', 'Xiatang', '7332468037', 'China', '(108) 8324962', '(541) 9122361');
insert into Clientes (idCliente, nombreCompania, nombreContacto, cargoContacto, direccion, ciudad, region, codigoPostal, pais, telefono, fax) values ('hoiMH', 'Voonyx', 'Brocky McCreery', 'Sales Associate', '39 Elgar Lane', 'Châlons-en-Cha', 'Nueva Helvecia', '0324579556', 'France', '(246) 5246617', '(752) 6672264');
insert into Clientes (idCliente, nombreCompania, nombreContacto, cargoContacto, direccion, ciudad, region, codigoPostal, pais, telefono, fax) values ('mwZV2', 'Oyoyo', 'Christie Doutch', 'Programmer IV', '2229 Hudson Park', 'Ar Ruḩaybah', 'Pancoran', '9634292787', 'Syria', '(858) 3641568', '(600) 5590351');
insert into Clientes (idCliente, nombreCompania, nombreContacto, cargoContacto, direccion, ciudad, region, codigoPostal, pais, telefono, fax) values ('lWHFm', 'Topicshots', 'Corbett Vowels', 'Marketing Assistant', '11320 Colorado Crossing', 'Daoqiao', 'Księżpol', '6150702284', 'China', '(207) 8738884', '(774) 7819772');

-- Insertamos datos de CompaniasEnvio
SET IDENTITY_INSERT CompaniasEnvio ON;
insert into CompaniasEnvio (idCompaniaEnvio, nombreCompania, telefono) values (1, 'Grupo Aeroportuario del Centro Norte S.', '877 893 3694');
insert into CompaniasEnvio (idCompaniaEnvio, nombreCompania, telefono) values (2, 'NII Holdings, Inc.', '767 847 5048');
insert into CompaniasEnvio (idCompaniaEnvio, nombreCompania, telefono) values (3, 'Liberty Interactive Corporation', '589 514 2896');
insert into CompaniasEnvio (idCompaniaEnvio, nombreCompania, telefono) values (4, 'Federated National Holding Company', '145 160 4944');
insert into CompaniasEnvio (idCompaniaEnvio, nombreCompania, telefono) values (5, 'Pengrowth Energy Corporation', '851 487 8623');
insert into CompaniasEnvio (idCompaniaEnvio, nombreCompania, telefono) values (6, 'Voya Natural Resources Equity Income Fu', '949 871 4854');
insert into CompaniasEnvio (idCompaniaEnvio, nombreCompania, telefono) values (7, 'Westmoreland Resource Partners, LP', '649 751 8640');
insert into CompaniasEnvio (idCompaniaEnvio, nombreCompania, telefono) values (8, 'Investar Holding Corporation', '795 532 0443');
insert into CompaniasEnvio (idCompaniaEnvio, nombreCompania, telefono) values (9, 'NN, Inc.', '879 826 3701');
insert into CompaniasEnvio (idCompaniaEnvio, nombreCompania, telefono) values (10, 'U.S. Global Investors, Inc.', '198 181 7413');
insert into CompaniasEnvio (idCompaniaEnvio, nombreCompania, telefono) values (11, 'Honeywell International Inc.', '525 844 1087');
insert into CompaniasEnvio (idCompaniaEnvio, nombreCompania, telefono) values (12, 'Monotype Imaging Holdings Inc.', '497 908 5207');
insert into CompaniasEnvio (idCompaniaEnvio, nombreCompania, telefono) values (13, 'First Trust NASDAQ-100 Equal Weighted I', '866 104 7879');
insert into CompaniasEnvio (idCompaniaEnvio, nombreCompania, telefono) values (14, 'Evolent Health, Inc', '434 429 0807');
insert into CompaniasEnvio (idCompaniaEnvio, nombreCompania, telefono) values (15, 'Enzymotec Ltd.', '531 557 0576');
insert into CompaniasEnvio (idCompaniaEnvio, nombreCompania, telefono) values (16, 'PowerShares KBW Bank Portfolio', '955 403 7469');
insert into CompaniasEnvio (idCompaniaEnvio, nombreCompania, telefono) values (17, 'Health Insurance Innovations, Inc.', '826 687 1285');
insert into CompaniasEnvio (idCompaniaEnvio, nombreCompania, telefono) values (18, 'UNIVERSAL INSURANCE HOLDINGS INC', '696 399 6949');
insert into CompaniasEnvio (idCompaniaEnvio, nombreCompania, telefono) values (19, 'Wheaton Precious Metals Corp.', '264 781 9114');
insert into CompaniasEnvio (idCompaniaEnvio, nombreCompania, telefono) values (20, 'WSFS Financial Corporation', '141 546 4598');
insert into CompaniasEnvio (idCompaniaEnvio, nombreCompania, telefono) values (21, 'BancFirst Corporation', '784 317 3389');
insert into CompaniasEnvio (idCompaniaEnvio, nombreCompania, telefono) values (22, 'Olympic Steel, Inc.', '474 322 1427');
insert into CompaniasEnvio (idCompaniaEnvio, nombreCompania, telefono) values (23, 'Cellectar Biosciences, Inc.', '729 840 8106');
insert into CompaniasEnvio (idCompaniaEnvio, nombreCompania, telefono) values (24, 'Cummins Inc.', '645 883 0310');
insert into CompaniasEnvio (idCompaniaEnvio, nombreCompania, telefono) values (25, 'Lakeland Industries, Inc.', '435 334 4048');
insert into CompaniasEnvio (idCompaniaEnvio, nombreCompania, telefono) values (26, 'First Savings Financial Group, Inc.', '671 398 1919');
insert into CompaniasEnvio (idCompaniaEnvio, nombreCompania, telefono) values (27, 'Trecora Resources', '933 619 3742');
insert into CompaniasEnvio (idCompaniaEnvio, nombreCompania, telefono) values (28, 'Atlassian Corporation Plc', '407 321 0726');
insert into CompaniasEnvio (idCompaniaEnvio, nombreCompania, telefono) values (29, 'Four Corners Property Trust, Inc.', '862 290 6800');
insert into CompaniasEnvio (idCompaniaEnvio, nombreCompania, telefono) values (30, 'Nuveen Select Tax Free Income Portfolio', '280 868 3789');
insert into CompaniasEnvio (idCompaniaEnvio, nombreCompania, telefono) values (31, 'ARCA biopharma, Inc.', '111 390 7683');
insert into CompaniasEnvio (idCompaniaEnvio, nombreCompania, telefono) values (32, 'Layne Christensen Company', '497 215 5356');
insert into CompaniasEnvio (idCompaniaEnvio, nombreCompania, telefono) values (33, 'Bob Evans Farms, Inc.', '671 601 7970');
insert into CompaniasEnvio (idCompaniaEnvio, nombreCompania, telefono) values (34, 'Continental Building Products, Inc.', '653 936 8902');
insert into CompaniasEnvio (idCompaniaEnvio, nombreCompania, telefono) values (35, 'Boston Private Financial Holdings, Inc.', '100 228 9766');
insert into CompaniasEnvio (idCompaniaEnvio, nombreCompania, telefono) values (36, 'PAR Technology Corporation', '298 610 8487');
insert into CompaniasEnvio (idCompaniaEnvio, nombreCompania, telefono) values (37, 'Forum Energy Technologies, Inc.', '488 772 7406');
insert into CompaniasEnvio (idCompaniaEnvio, nombreCompania, telefono) values (38, 'Park Hotels & Resorts Inc.', '602 642 1569');
insert into CompaniasEnvio (idCompaniaEnvio, nombreCompania, telefono) values (39, 'Raymond James Financial, Inc.', '771 329 4818');
insert into CompaniasEnvio (idCompaniaEnvio, nombreCompania, telefono) values (40, 'PowerShares S&P SmallCap Materials Port', '621 640 8780');
insert into CompaniasEnvio (idCompaniaEnvio, nombreCompania, telefono) values (41, 'SpartanNash Company', '211 943 7352');
insert into CompaniasEnvio (idCompaniaEnvio, nombreCompania, telefono) values (42, 'Colony NorthStar, Inc.', '807 181 1694');
insert into CompaniasEnvio (idCompaniaEnvio, nombreCompania, telefono) values (43, 'Albany Molecular Research, Inc.', '696 329 2760');
insert into CompaniasEnvio (idCompaniaEnvio, nombreCompania, telefono) values (44, 'J. Jill, Inc.', '211 349 5612');
insert into CompaniasEnvio (idCompaniaEnvio, nombreCompania, telefono) values (45, 'VTTI Energy Partners LP', '744 805 4492');
insert into CompaniasEnvio (idCompaniaEnvio, nombreCompania, telefono) values (46, 'PartnerRe Ltd.', '513 306 5743');
insert into CompaniasEnvio (idCompaniaEnvio, nombreCompania, telefono) values (47, 'Huntington Bancshares Incorporated', '238 784 5185');
insert into CompaniasEnvio (idCompaniaEnvio, nombreCompania, telefono) values (48, 'Blackrock MuniYield Pennsylvania Qualit', '258 720 6639');
insert into CompaniasEnvio (idCompaniaEnvio, nombreCompania, telefono) values (49, 'Navistar International Corporation', '756 410 3412');
insert into CompaniasEnvio (idCompaniaEnvio, nombreCompania, telefono) values (50, 'Empresa Distribuidora Y Comercializador', '733 240 1788');
SET IDENTITY_INSERT CompaniasEnvio OFF;

-- Insertamos datos de Pedidos
SET IDENTITY_INSERT Pedidos ON;
insert into Pedidos (idPedido, idCliente, idEmpleado, fechaPedido, fechaEntrega, fechaEnvio, viaEnvio, cargo, nombreDestinatario, direccionDestinatario, ciudadDestinatario, regionDestinatario, condigoPostalDestinatario, paisDestinatario) values (1, 'q9YEM', 16, '2019-03-04 05:03:30', '2019-05-23 16:54:02', null, 43, '$8.31', 'Irvine Bernardt', '6249 Sherman Avenue', 'Tampa', 'Florida', '235-8975-', 'United States');
insert into Pedidos (idPedido, idCliente, idEmpleado, fechaPedido, fechaEntrega, fechaEnvio, viaEnvio, cargo, nombreDestinatario, direccionDestinatario, ciudadDestinatario, regionDestinatario, condigoPostalDestinatario, paisDestinatario) values (2, 'luJT0', 7, '2019-08-23 11:24:50', null, null, 47, '$45.00', 'Tally de Clerc', '32548 Talisman Court', 'Delray Beach', 'Florida', '063-8816-', 'United States');
insert into Pedidos (idPedido, idCliente, idEmpleado, fechaPedido, fechaEntrega, fechaEnvio, viaEnvio, cargo, nombreDestinatario, direccionDestinatario, ciudadDestinatario, regionDestinatario, condigoPostalDestinatario, paisDestinatario) values (3, 'kh3tp', 10, '2019-07-30 20:51:54', null, null, 7, '$99.25', 'Andy Durston', '74182 Michigan Trail', 'Louisville', 'Kentucky', '884-4592-', 'United States');
insert into Pedidos (idPedido, idCliente, idEmpleado, fechaPedido, fechaEntrega, fechaEnvio, viaEnvio, cargo, nombreDestinatario, direccionDestinatario, ciudadDestinatario, regionDestinatario, condigoPostalDestinatario, paisDestinatario) values (4, 'uN7dE', 17, '2018-12-18 20:13:54', '2019-08-19 02:11:49', null, 35, '$100.20', 'Lorette Staniland', '13311 Hollow Ridge Place', 'Albany', 'New York', '855-8442-', 'United States');
insert into Pedidos (idPedido, idCliente, idEmpleado, fechaPedido, fechaEntrega, fechaEnvio, viaEnvio, cargo, nombreDestinatario, direccionDestinatario, ciudadDestinatario, regionDestinatario, condigoPostalDestinatario, paisDestinatario) values (5, 'v0daC', 2, '2019-06-05 16:42:18', '2019-10-19 01:29:36', '2019-04-13 17:05:44', 36, '$60.39', 'Lexine Chipchase', '8506 1st Junction', 'Brooklyn', 'New York', '593-2183-', 'United States');
insert into Pedidos (idPedido, idCliente, idEmpleado, fechaPedido, fechaEntrega, fechaEnvio, viaEnvio, cargo, nombreDestinatario, direccionDestinatario, ciudadDestinatario, regionDestinatario, condigoPostalDestinatario, paisDestinatario) values (6, 'cBppr', 7, '2019-06-28 15:23:08', '2019-07-09 17:40:21', null, 7, '$153.18', 'Keri Dumigan', '088 Jana Center', 'New York City', 'New York', '431-2855-', 'United States');
insert into Pedidos (idPedido, idCliente, idEmpleado, fechaPedido, fechaEntrega, fechaEnvio, viaEnvio, cargo, nombreDestinatario, direccionDestinatario, ciudadDestinatario, regionDestinatario, condigoPostalDestinatario, paisDestinatario) values (7, 'tAHc6', 20, '2019-08-01 19:51:38', null, null, 20, '$199.57', 'Selle Aluard', '737 Grayhawk Road', 'Reno', 'Nevada', '975-3663-', 'United States');
insert into Pedidos (idPedido, idCliente, idEmpleado, fechaPedido, fechaEntrega, fechaEnvio, viaEnvio, cargo, nombreDestinatario, direccionDestinatario, ciudadDestinatario, regionDestinatario, condigoPostalDestinatario, paisDestinatario) values (8, 'bd3yN', 3, '2019-05-22 09:37:35', null, '2018-12-24 22:22:05', 18, '$128.43', 'Cheslie Feveryear', '0342 Killdeer Center', 'Houston', 'Texas', '594-9904-', 'United States');
insert into Pedidos (idPedido, idCliente, idEmpleado, fechaPedido, fechaEntrega, fechaEnvio, viaEnvio, cargo, nombreDestinatario, direccionDestinatario, ciudadDestinatario, regionDestinatario, condigoPostalDestinatario, paisDestinatario) values (9, 'pOEN6', 5, '2019-08-13 05:45:45', '2019-01-22 23:19:01', null, 37, '$9.30', 'John Evens', '5760 Carberry Place', 'Sacramento', 'California', '494-4610-', 'United States');
insert into Pedidos (idPedido, idCliente, idEmpleado, fechaPedido, fechaEntrega, fechaEnvio, viaEnvio, cargo, nombreDestinatario, direccionDestinatario, ciudadDestinatario, regionDestinatario, condigoPostalDestinatario, paisDestinatario) values (10, 'biPJL', 19, '2019-07-27 11:53:45', null, null, 18, '$4.06', 'Neil Pettican', '28 East Alley', 'Miami', 'Florida', '619-9026-', 'United States');
insert into Pedidos (idPedido, idCliente, idEmpleado, fechaPedido, fechaEntrega, fechaEnvio, viaEnvio, cargo, nombreDestinatario, direccionDestinatario, ciudadDestinatario, regionDestinatario, condigoPostalDestinatario, paisDestinatario) values (11, 'm44CT', 17, '2019-01-05 00:00:38', '2019-06-19 18:23:08', null, 29, '$87.75', 'Aldwin Diable', '5 Anzinger Road', 'Oklahoma City', 'Oklahoma', '692-5426-', 'United States');
insert into Pedidos (idPedido, idCliente, idEmpleado, fechaPedido, fechaEntrega, fechaEnvio, viaEnvio, cargo, nombreDestinatario, direccionDestinatario, ciudadDestinatario, regionDestinatario, condigoPostalDestinatario, paisDestinatario) values (12, 'n2FMY', 2, '2018-12-18 01:02:00', null, null, 31, '$181.59', 'Julius Humphery', '7 Anderson Place', 'Philadelphia', 'Pennsylvania', '792-4021-', 'United States');
insert into Pedidos (idPedido, idCliente, idEmpleado, fechaPedido, fechaEntrega, fechaEnvio, viaEnvio, cargo, nombreDestinatario, direccionDestinatario, ciudadDestinatario, regionDestinatario, condigoPostalDestinatario, paisDestinatario) values (13, 'biPJL', 6, '2019-01-11 10:55:46', '2019-05-31 15:02:28', '2019-01-02 20:32:56', 42, '$19.26', 'Brigg Achurch', '81 Hoard Court', 'Bradenton', 'Florida', '352-7918-', 'United States');
insert into Pedidos (idPedido, idCliente, idEmpleado, fechaPedido, fechaEntrega, fechaEnvio, viaEnvio, cargo, nombreDestinatario, direccionDestinatario, ciudadDestinatario, regionDestinatario, condigoPostalDestinatario, paisDestinatario) values (14, 'huP9P', 17, '2019-04-25 22:07:57', '2019-06-22 23:49:17', null, 21, '$199.92', 'Orland Pendleberry', '045 Corben Alley', 'Hamilton', 'Ohio', '435-4430-', 'United States');
insert into Pedidos (idPedido, idCliente, idEmpleado, fechaPedido, fechaEntrega, fechaEnvio, viaEnvio, cargo, nombreDestinatario, direccionDestinatario, ciudadDestinatario, regionDestinatario, condigoPostalDestinatario, paisDestinatario) values (15, 'elTkw', 19, '2019-09-01 09:10:12', null, '2018-12-20 05:26:54', 26, '$147.26', 'Abner Reading', '7 Dapin Crossing', 'Chicago', 'Illinois', '231-0014-', 'United States');
insert into Pedidos (idPedido, idCliente, idEmpleado, fechaPedido, fechaEntrega, fechaEnvio, viaEnvio, cargo, nombreDestinatario, direccionDestinatario, ciudadDestinatario, regionDestinatario, condigoPostalDestinatario, paisDestinatario) values (16, 'huP9P', 16, '2019-08-21 23:03:03', null, '2018-12-06 13:38:29', 14, '$57.67', 'Gustavus Rennox', '6149 Shelley Alley', 'Pittsburgh', 'Pennsylvania', '029-3440-', 'United States');
insert into Pedidos (idPedido, idCliente, idEmpleado, fechaPedido, fechaEntrega, fechaEnvio, viaEnvio, cargo, nombreDestinatario, direccionDestinatario, ciudadDestinatario, regionDestinatario, condigoPostalDestinatario, paisDestinatario) values (17, 'g6MtB', 12, '2019-04-22 14:11:03', '2019-07-13 18:10:24', null, 39, '$68.50', 'Kerr Grane', '9910 Brickson Park Lane', 'San Francisco', 'California', '556-7972-', 'United States');
insert into Pedidos (idPedido, idCliente, idEmpleado, fechaPedido, fechaEntrega, fechaEnvio, viaEnvio, cargo, nombreDestinatario, direccionDestinatario, ciudadDestinatario, regionDestinatario, condigoPostalDestinatario, paisDestinatario) values (18, 'cBppr', 2, '2019-01-23 01:46:44', '2019-10-26 03:59:02', null, 11, '$94.22', 'Bonita Edards', '2240 Golf View Place', 'Baton Rouge', 'Louisiana', '283-1056-', 'United States');
insert into Pedidos (idPedido, idCliente, idEmpleado, fechaPedido, fechaEntrega, fechaEnvio, viaEnvio, cargo, nombreDestinatario, direccionDestinatario, ciudadDestinatario, regionDestinatario, condigoPostalDestinatario, paisDestinatario) values (19, 'l1j6q', 2, '2019-05-30 11:16:26', '2019-02-16 16:45:13', null, 38, '$116.95', 'Tadeo Starcks', '4 Amoth Place', 'Mesa', 'Arizona', '439-3463-', 'United States');
insert into Pedidos (idPedido, idCliente, idEmpleado, fechaPedido, fechaEntrega, fechaEnvio, viaEnvio, cargo, nombreDestinatario, direccionDestinatario, ciudadDestinatario, regionDestinatario, condigoPostalDestinatario, paisDestinatario) values (20, 'l1j6q', 16, '2018-11-06 15:18:55', null, null, 11, '$83.56', 'Jacquie Jelly', '76 Corscot Way', 'Nashville', 'Tennessee', '850-6366-', 'United States');
insert into Pedidos (idPedido, idCliente, idEmpleado, fechaPedido, fechaEntrega, fechaEnvio, viaEnvio, cargo, nombreDestinatario, direccionDestinatario, ciudadDestinatario, regionDestinatario, condigoPostalDestinatario, paisDestinatario) values (21, 'flyZc', 18, '2018-12-29 16:47:55', '2019-02-19 19:39:41', null, 40, '$170.52', 'Emmy Conigsby', '4643 Fisk Parkway', 'Tampa', 'Florida', '745-1926-', 'United States');
insert into Pedidos (idPedido, idCliente, idEmpleado, fechaPedido, fechaEntrega, fechaEnvio, viaEnvio, cargo, nombreDestinatario, direccionDestinatario, ciudadDestinatario, regionDestinatario, condigoPostalDestinatario, paisDestinatario) values (22, 'hoiMH', 20, '2019-03-14 06:56:46', '2019-07-20 15:34:33', null, 47, '$105.01', 'Tracey Braune', '85606 South Avenue', 'Houston', 'Texas', '464-7453-', 'United States');
insert into Pedidos (idPedido, idCliente, idEmpleado, fechaPedido, fechaEntrega, fechaEnvio, viaEnvio, cargo, nombreDestinatario, direccionDestinatario, ciudadDestinatario, regionDestinatario, condigoPostalDestinatario, paisDestinatario) values (23, 'elTkw', 12, '2019-05-29 07:46:54', '2019-05-03 20:02:09', null, 47, '$149.80', 'Wilhelm Cokayne', '1007 Eagan Alley', 'Las Vegas', 'Nevada', '477-9378-', 'United States');
insert into Pedidos (idPedido, idCliente, idEmpleado, fechaPedido, fechaEntrega, fechaEnvio, viaEnvio, cargo, nombreDestinatario, direccionDestinatario, ciudadDestinatario, regionDestinatario, condigoPostalDestinatario, paisDestinatario) values (24, 'pOEN6', 10, '2019-04-26 19:09:07', '2019-03-18 22:56:33', null, 41, '$36.00', 'Engracia Kewley', '7267 Fordem Court', 'Austin', 'Texas', '323-0975-', 'United States');
insert into Pedidos (idPedido, idCliente, idEmpleado, fechaPedido, fechaEntrega, fechaEnvio, viaEnvio, cargo, nombreDestinatario, direccionDestinatario, ciudadDestinatario, regionDestinatario, condigoPostalDestinatario, paisDestinatario) values (25, 'tnjNx', 17, '2019-03-11 10:44:15', '2019-01-03 20:28:25', null, 5, '$152.43', 'Adeline Whardley', '2179 Harper Point', 'Lynchburg', 'Virginia', '612-5962-', 'United States');
insert into Pedidos (idPedido, idCliente, idEmpleado, fechaPedido, fechaEntrega, fechaEnvio, viaEnvio, cargo, nombreDestinatario, direccionDestinatario, ciudadDestinatario, regionDestinatario, condigoPostalDestinatario, paisDestinatario) values (26, 'fteMa', 20, '2019-05-24 07:37:55', null, null, 20, '$136.14', 'Antons Duddan', '3 Evergreen Street', 'Louisville', 'Kentucky', '377-7022-', 'United States');
insert into Pedidos (idPedido, idCliente, idEmpleado, fechaPedido, fechaEntrega, fechaEnvio, viaEnvio, cargo, nombreDestinatario, direccionDestinatario, ciudadDestinatario, regionDestinatario, condigoPostalDestinatario, paisDestinatario) values (27, 'jUlby', 19, '2019-05-24 09:10:49', null, null, 21, '$151.71', 'Noel Hewertson', '9 Rigney Road', 'Fort Wayne', 'Indiana', '604-4549-', 'United States');
insert into Pedidos (idPedido, idCliente, idEmpleado, fechaPedido, fechaEntrega, fechaEnvio, viaEnvio, cargo, nombreDestinatario, direccionDestinatario, ciudadDestinatario, regionDestinatario, condigoPostalDestinatario, paisDestinatario) values (28, 'zDjBq', 4, '2018-12-23 13:19:09', null, '2018-12-03 04:17:00', 38, '$51.59', 'D''arcy Broggetti', '9 Kenwood Court', 'Raleigh', 'North Carolina', '305-5792-', 'United States');
insert into Pedidos (idPedido, idCliente, idEmpleado, fechaPedido, fechaEntrega, fechaEnvio, viaEnvio, cargo, nombreDestinatario, direccionDestinatario, ciudadDestinatario, regionDestinatario, condigoPostalDestinatario, paisDestinatario) values (29, 'dZVg9', 19, '2019-08-07 13:52:33', null, null, 20, '$199.86', 'Giulio McLeese', '573 Magdeline Avenue', 'Houston', 'Texas', '215-8864-', 'United States');
insert into Pedidos (idPedido, idCliente, idEmpleado, fechaPedido, fechaEntrega, fechaEnvio, viaEnvio, cargo, nombreDestinatario, direccionDestinatario, ciudadDestinatario, regionDestinatario, condigoPostalDestinatario, paisDestinatario) values (30, 'kh3tp', 17, '2019-05-01 01:16:31', null, null, 3, '$94.91', 'Maxim Hotchkin', '2799 Melvin Drive', 'Muncie', 'Indiana', '343-5696-', 'United States');
insert into Pedidos (idPedido, idCliente, idEmpleado, fechaPedido, fechaEntrega, fechaEnvio, viaEnvio, cargo, nombreDestinatario, direccionDestinatario, ciudadDestinatario, regionDestinatario, condigoPostalDestinatario, paisDestinatario) values (31, 'cbVpI', 12, '2019-03-16 17:12:15', null, '2019-07-09 11:15:55', 1, '$184.20', 'Jsandye Scarratt', '69492 Maywood Court', 'Philadelphia', 'Pennsylvania', '249-8671-', 'United States');
insert into Pedidos (idPedido, idCliente, idEmpleado, fechaPedido, fechaEntrega, fechaEnvio, viaEnvio, cargo, nombreDestinatario, direccionDestinatario, ciudadDestinatario, regionDestinatario, condigoPostalDestinatario, paisDestinatario) values (32, 'flyZc', 5, '2019-07-24 11:18:38', '2019-09-13 18:37:58', '2019-09-23 02:10:04', 46, '$110.29', 'Torry Hobbema', '4387 Elka Road', 'Saint Louis', 'Missouri', '031-6603-', 'United States');
insert into Pedidos (idPedido, idCliente, idEmpleado, fechaPedido, fechaEntrega, fechaEnvio, viaEnvio, cargo, nombreDestinatario, direccionDestinatario, ciudadDestinatario, regionDestinatario, condigoPostalDestinatario, paisDestinatario) values (33, 'elTkw', 19, '2019-10-19 07:01:36', '2019-02-25 11:20:51', null, 15, '$13.51', 'Tobey Garstang', '9 Little Fleur Alley', 'Washington', 'District of Co', '324-3944-', 'United States');
insert into Pedidos (idPedido, idCliente, idEmpleado, fechaPedido, fechaEntrega, fechaEnvio, viaEnvio, cargo, nombreDestinatario, direccionDestinatario, ciudadDestinatario, regionDestinatario, condigoPostalDestinatario, paisDestinatario) values (34, 'xx70b', 6, '2019-05-10 03:49:33', null, null, 35, '$35.24', 'Aubree Parkyns', '0065 Hooker Point', 'Orange', 'California', '868-4769-', 'United States');
insert into Pedidos (idPedido, idCliente, idEmpleado, fechaPedido, fechaEntrega, fechaEnvio, viaEnvio, cargo, nombreDestinatario, direccionDestinatario, ciudadDestinatario, regionDestinatario, condigoPostalDestinatario, paisDestinatario) values (35, 'kRE1Z', 1, '2018-10-29 08:49:01', null, null, 40, '$135.99', 'Angelika de Almeida', '57963 Gateway Road', 'New York City', 'New York', '408-8233-', 'United States');
insert into Pedidos (idPedido, idCliente, idEmpleado, fechaPedido, fechaEntrega, fechaEnvio, viaEnvio, cargo, nombreDestinatario, direccionDestinatario, ciudadDestinatario, regionDestinatario, condigoPostalDestinatario, paisDestinatario) values (36, 'n2FMY', 6, '2019-08-14 15:33:37', '2019-05-13 08:28:21', '2019-03-15 12:11:33', 8, '$17.38', 'Charline Crallan', '8425 Summit Alley', 'Lake Charles', 'Louisiana', '631-8132-', 'United States');
insert into Pedidos (idPedido, idCliente, idEmpleado, fechaPedido, fechaEntrega, fechaEnvio, viaEnvio, cargo, nombreDestinatario, direccionDestinatario, ciudadDestinatario, regionDestinatario, condigoPostalDestinatario, paisDestinatario) values (37, 'q9YEM', 8, '2019-10-27 13:13:02', '2019-06-20 18:30:48', null, 7, '$172.17', 'Igor MacConchie', '0 Summit Trail', 'Boston', 'Massachusetts', '015-5990-', 'United States');
insert into Pedidos (idPedido, idCliente, idEmpleado, fechaPedido, fechaEntrega, fechaEnvio, viaEnvio, cargo, nombreDestinatario, direccionDestinatario, ciudadDestinatario, regionDestinatario, condigoPostalDestinatario, paisDestinatario) values (38, 'pOEN6', 18, '2019-08-04 21:45:15', null, '2019-10-11 14:15:51', 36, '$109.28', 'Pamelina Mc Carrick', '88632 American Ash Terrace', 'Bethesda', 'Maryland', '639-0257-', 'United States');
insert into Pedidos (idPedido, idCliente, idEmpleado, fechaPedido, fechaEntrega, fechaEnvio, viaEnvio, cargo, nombreDestinatario, direccionDestinatario, ciudadDestinatario, regionDestinatario, condigoPostalDestinatario, paisDestinatario) values (39, 'bd3yN', 3, '2019-08-05 20:00:51', '2018-12-06 09:21:07', null, 13, '$167.79', 'Guilbert Kinglake', '1 Forest Run Circle', 'Knoxville', 'Tennessee', '147-7510-', 'United States');
insert into Pedidos (idPedido, idCliente, idEmpleado, fechaPedido, fechaEntrega, fechaEnvio, viaEnvio, cargo, nombreDestinatario, direccionDestinatario, ciudadDestinatario, regionDestinatario, condigoPostalDestinatario, paisDestinatario) values (40, 'xx70b', 3, '2019-04-13 18:59:15', null, '2018-10-29 23:58:38', 46, '$128.38', 'Hilario Bonnett', '63 Duke Center', 'Phoenix', 'Arizona', '671-8301-', 'United States');
insert into Pedidos (idPedido, idCliente, idEmpleado, fechaPedido, fechaEntrega, fechaEnvio, viaEnvio, cargo, nombreDestinatario, direccionDestinatario, ciudadDestinatario, regionDestinatario, condigoPostalDestinatario, paisDestinatario) values (41, 'g6MtB', 10, '2019-07-29 00:44:37', '2019-09-04 11:18:55', null, 38, '$159.87', 'Starla Whyard', '81229 Service Drive', 'Oklahoma City', 'Oklahoma', '537-6015-', 'United States');
insert into Pedidos (idPedido, idCliente, idEmpleado, fechaPedido, fechaEntrega, fechaEnvio, viaEnvio, cargo, nombreDestinatario, direccionDestinatario, ciudadDestinatario, regionDestinatario, condigoPostalDestinatario, paisDestinatario) values (42, 'mwGhc', 14, '2019-08-08 01:28:36', null, null, 13, '$11.45', 'Mayor Goward', '423 Larry Way', 'Little Rock', 'Arkansas', '090-1286-', 'United States');
insert into Pedidos (idPedido, idCliente, idEmpleado, fechaPedido, fechaEntrega, fechaEnvio, viaEnvio, cargo, nombreDestinatario, direccionDestinatario, ciudadDestinatario, regionDestinatario, condigoPostalDestinatario, paisDestinatario) values (43, 'cBppr', 16, '2019-08-11 17:18:50', null, null, 43, '$24.24', 'Fifine Elliff', '0 Gale Way', 'Bradenton', 'Florida', '507-9247-', 'United States');
insert into Pedidos (idPedido, idCliente, idEmpleado, fechaPedido, fechaEntrega, fechaEnvio, viaEnvio, cargo, nombreDestinatario, direccionDestinatario, ciudadDestinatario, regionDestinatario, condigoPostalDestinatario, paisDestinatario) values (44, 'n2FMY', 13, '2019-09-04 09:21:06', '2019-10-15 08:10:52', null, 27, '$182.96', 'Hugues Denyagin', '70979 Buhler Avenue', 'Billings', 'Montana', '665-8917-', 'United States');
insert into Pedidos (idPedido, idCliente, idEmpleado, fechaPedido, fechaEntrega, fechaEnvio, viaEnvio, cargo, nombreDestinatario, direccionDestinatario, ciudadDestinatario, regionDestinatario, condigoPostalDestinatario, paisDestinatario) values (45, 'xI1er', 7, '2019-02-05 22:16:35', null, '2019-10-22 23:37:09', 30, '$48.19', 'Fairleigh Cord', '2 Ohio Center', 'Albuquerque', 'New Mexico', '448-3909-', 'United States');
insert into Pedidos (idPedido, idCliente, idEmpleado, fechaPedido, fechaEntrega, fechaEnvio, viaEnvio, cargo, nombreDestinatario, direccionDestinatario, ciudadDestinatario, regionDestinatario, condigoPostalDestinatario, paisDestinatario) values (46, 'oLdfQ', 12, '2019-01-22 13:05:11', null, '2019-04-05 17:21:08', 23, '$158.78', 'Guido Tutill', '4441 Fordem Plaza', 'New York City', 'New York', '871-1231-', 'United States');
insert into Pedidos (idPedido, idCliente, idEmpleado, fechaPedido, fechaEntrega, fechaEnvio, viaEnvio, cargo, nombreDestinatario, direccionDestinatario, ciudadDestinatario, regionDestinatario, condigoPostalDestinatario, paisDestinatario) values (47, 'zhbie', 14, '2019-09-21 12:25:16', '2019-09-18 23:44:30', null, 14, '$81.14', 'Enrika Gerant', '635 Bellgrove Plaza', 'Spokane', 'Washington', '965-5663-', 'United States');
insert into Pedidos (idPedido, idCliente, idEmpleado, fechaPedido, fechaEntrega, fechaEnvio, viaEnvio, cargo, nombreDestinatario, direccionDestinatario, ciudadDestinatario, regionDestinatario, condigoPostalDestinatario, paisDestinatario) values (48, 'q006P', 12, '2019-06-08 00:41:58', null, null, 5, '$133.43', 'Frannie Leversha', '26 Schurz Pass', 'Detroit', 'Michigan', '755-7406-', 'United States');
insert into Pedidos (idPedido, idCliente, idEmpleado, fechaPedido, fechaEntrega, fechaEnvio, viaEnvio, cargo, nombreDestinatario, direccionDestinatario, ciudadDestinatario, regionDestinatario, condigoPostalDestinatario, paisDestinatario) values (49, 'gGNwG', 20, '2018-11-03 03:10:10', null, '2018-11-08 10:15:14', 38, '$51.72', 'Hedvig Ashlin', '3968 Atwood Park', 'Pasadena', 'California', '998-9001-', 'United States');
insert into Pedidos (idPedido, idCliente, idEmpleado, fechaPedido, fechaEntrega, fechaEnvio, viaEnvio, cargo, nombreDestinatario, direccionDestinatario, ciudadDestinatario, regionDestinatario, condigoPostalDestinatario, paisDestinatario) values (50, 'dZVg9', 19, '2019-10-15 05:01:00', '2019-07-01 06:57:41', '2019-06-30 13:41:10', 46, '$132.91', 'Mar Cadany', '647 Thierer Hill', 'Green Bay', 'Wisconsin', '022-9494-', 'United States');
SET IDENTITY_INSERT Pedidos OFF;

-- Insertamos datos de Provedores
SET IDENTITY_INSERT Provedores ON;
insert into Provedores (idProvedor, nombreCompania, nombreContacto, cargoContacto, direccion, ciudad, region, codigoPostal, pais, telefono, fax, paginaProvedor) values (1, 'Linkbuzz', 'Emmeline Thinn', 'Office Assistant II', '97163 Rigney Lane', 'Zhangxi', 'João Alfredo', '7383991189', 'China', '(202) 1545079', '(662) 4826343', 'http://unblog.fr/velit/donec/diam/neque/vestibulum/eget.jsp?at=adipiscing&vulputate=lorem&vitae=vitae&nisl=mattis&aenean=nibh&lectus=ligula&pellentesque=nec&eget=sem&nunc=duis&donec=aliquam&quis=convallis');
insert into Provedores (idProvedor, nombreCompania, nombreContacto, cargoContacto, direccion, ciudad, region, codigoPostal, pais, telefono, fax, paginaProvedor) values (2, 'Brainsphere', 'Dick Scorey', 'VP Accounting', '0981 Spohn Drive', 'Wumahe', 'Xinfeng', '6574871554', 'China', '(822) 7145068', '(542) 9780234', 'https://about.com/pede/ullamcorper/augue/a.js?hac=ut&habitasse=at&platea=dolor&dictumst=quis&maecenas=odio&ut=consequat&massa=varius&quis=integer&augue=ac&luctus=leo&tincidunt=pellentesque&nulla=ultrices');
insert into Provedores (idProvedor, nombreCompania, nombreContacto, cargoContacto, direccion, ciudad, region, codigoPostal, pais, telefono, fax, paginaProvedor) values (3, 'Twimbo', 'Verine Huckfield', 'Programmer I', '35 Pawling Circle', 'Laranjal Pauli', 'Gjoçaj', '6851633246', 'Brazil', '(511) 1517196', '(259) 1486507', 'https://wikispaces.com/in/porttitor/pede/justo/eu.jsp?nullam=risus&molestie=semper&nibh=porta&in=volutpat&lectus=quam&pellentesque=pede&at=lobortis&nulla=ligula&suspendisse=sit&potenti=amet&cras=eleifend&in=pede&purus=libero&eu=quis&magna=orci&vulputate=nullam&luctus=molestie&cum=nibh&sociis=in&natoque=lectus&penatibus=pellentesque&et=at&magnis=nulla&dis=suspendisse&parturient=potenti&montes=cras&nascetur=in&ridiculus=purus&mus=eu&vivamus=magna&vestibulum=vulputate&sagittis=luctus&sapien=cum&cum=sociis&sociis=natoque&natoque=penatibus&penatibus=et&et=magnis&magnis=dis&dis=parturient&parturient=montes&montes=nascetur&nascetur=ridiculus&ridiculus=mus&mus=vivamus&etiam=vestibulum&vel=sagittis&augue=sapien&vestibulum=cum&rutrum=sociis&rutrum=natoque&neque=penatibus&aenean=et&auctor=magnis&gravida=dis&sem=parturient&praesent=montes&id=nascetur&massa=ridiculus&id=mus&nisl=etiam&venenatis=vel&lacinia=augue&aenean=vestibulum&sit=rutrum&amet=rutrum&justo=neque&morbi=aenean&ut=auctor&odio=gravida&cras=sem&mi=praesent&pede=id&malesuada=massa&in=id&imperdiet=nisl&et=venenatis&commodo=lacinia');
insert into Provedores (idProvedor, nombreCompania, nombreContacto, cargoContacto, direccion, ciudad, region, codigoPostal, pais, telefono, fax, paginaProvedor) values (4, 'Bluezoom', 'Carmel Mosedall', 'Occupational Therapist', '690 Anderson Trail', 'Wagini', 'Cherëmukhovo', '1518195870', 'Nigeria', '(917) 2975404', '(413) 1978941', 'https://twitpic.com/consequat/morbi/a.js?at=pede&nibh=posuere&in=nonummy&hac=integer&habitasse=non&platea=velit');
insert into Provedores (idProvedor, nombreCompania, nombreContacto, cargoContacto, direccion, ciudad, region, codigoPostal, pais, telefono, fax, paginaProvedor) values (5, 'Jabbercube', 'Zulema Crofts', 'Marketing Assistant', '99 Division Alley', 'Nahrīn', 'Tiraspol', '6771681407', 'Afghanistan', '(873) 4808188', '(975) 3869471', 'https://eepurl.com/congue/elementum/in/hac/habitasse/platea/dictumst.js?sociis=leo&natoque=maecenas&penatibus=pulvinar&et=lobortis&magnis=est&dis=phasellus&parturient=sit&montes=amet&nascetur=erat&ridiculus=nulla&mus=tempus&vivamus=vivamus&vestibulum=in&sagittis=felis&sapien=eu&cum=sapien&sociis=cursus&natoque=vestibulum&penatibus=proin&et=eu&magnis=mi&dis=nulla&parturient=ac&montes=enim&nascetur=in&ridiculus=tempor&mus=turpis&etiam=nec&vel=euismod&augue=scelerisque&vestibulum=quam&rutrum=turpis&rutrum=adipiscing&neque=lorem&aenean=vitae&auctor=mattis&gravida=nibh&sem=ligula&praesent=nec&id=sem&massa=duis&id=aliquam&nisl=convallis&venenatis=nunc&lacinia=proin&aenean=at&sit=turpis&amet=a&justo=pede&morbi=posuere&ut=nonummy&odio=integer&cras=non&mi=velit&pede=donec&malesuada=diam&in=neque&imperdiet=vestibulum&et=eget&commodo=vulputate&vulputate=ut&justo=ultrices&in=vel&blandit=augue&ultrices=vestibulum&enim=ante&lorem=ipsum&ipsum=primis&dolor=in&sit=faucibus&amet=orci&consectetuer=luctus&adipiscing=et&elit=ultrices&proin=posuere&interdum=cubilia&mauris=curae&non=donec&ligula=pharetra&pellentesque=magna&ultrices=vestibulum&phasellus=aliquet&id=ultrices&sapien=erat&in=tortor&sapien=sollicitudin');
insert into Provedores (idProvedor, nombreCompania, nombreContacto, cargoContacto, direccion, ciudad, region, codigoPostal, pais, telefono, fax, paginaProvedor) values (6, 'Yotz', 'Shea Dennert', 'Professor', '20374 Eastlawn Pass', 'Malianzhuang', 'Shcherbinka', '2925495449', 'China', '(494) 5849187', '(545) 8846768', 'http://a8.net/sodales/sed/tincidunt/eu/felis.xml?ridiculus=eu&mus=interdum&vivamus=eu&vestibulum=tincidunt&sagittis=in&sapien=leo&cum=maecenas&sociis=pulvinar&natoque=lobortis&penatibus=est&et=phasellus');
insert into Provedores (idProvedor, nombreCompania, nombreContacto, cargoContacto, direccion, ciudad, region, codigoPostal, pais, telefono, fax, paginaProvedor) values (7, 'Jayo', 'Dev Musla', 'Account Executive', '48854 Grim Circle', 'Ksawerów', 'Pau', '5244562348', 'Poland', '(190) 2606521', '(828) 4132890', 'https://loc.gov/eleifend/pede.png?vestibulum=ut');
insert into Provedores (idProvedor, nombreCompania, nombreContacto, cargoContacto, direccion, ciudad, region, codigoPostal, pais, telefono, fax, paginaProvedor) values (8, 'Oyondu', 'Moria Janous', 'Information Systems Manager', '84099 3rd Junction', 'Fukadale', 'Hashimoto', '0869615537', 'Indonesia', '(721) 8925470', '(374) 7815684', 'http://soundcloud.com/auctor/gravida/sem.jpg?luctus=tortor&ultricies=id&eu=nulla&nibh=ultrices&quisque=aliquet&id=maecenas&justo=leo&sit=odio&amet=condimentum&sapien=id&dignissim=luctus&vestibulum=nec&vestibulum=molestie&ante=sed&ipsum=justo&primis=pellentesque&in=viverra&faucibus=pede&orci=ac&luctus=diam&et=cras&ultrices=pellentesque&posuere=volutpat&cubilia=dui&curae=maecenas&nulla=tristique&dapibus=est&dolor=et&vel=tempus&est=semper&donec=est&odio=quam&justo=pharetra&sollicitudin=magna&ut=ac&suscipit=consequat&a=metus&feugiat=sapien&et=ut&eros=nunc&vestibulum=vestibulum&ac=ante&est=ipsum&lacinia=primis&nisi=in&venenatis=faucibus&tristique=orci&fusce=luctus&congue=et&diam=ultrices&id=posuere&ornare=cubilia&imperdiet=curae&sapien=mauris&urna=viverra&pretium=diam&nisl=vitae&ut=quam&volutpat=suspendisse&sapien=potenti&arcu=nullam&sed=porttitor&augue=lacus&aliquam=at&erat=turpis&volutpat=donec&in=posuere&congue=metus&etiam=vitae&justo=ipsum&etiam=aliquam');
insert into Provedores (idProvedor, nombreCompania, nombreContacto, cargoContacto, direccion, ciudad, region, codigoPostal, pais, telefono, fax, paginaProvedor) values (9, 'Edgeclub', 'Wayland Huitson', 'Safety Technician III', '047 Myrtle Parkway', 'Enyerhyetykaw', 'Vlorë', '4505972469', 'Belarus', '(428) 7529216', '(741) 5485547', 'http://fastcompany.com/posuere/nonummy/integer/non/velit/donec/diam.json?nec=vestibulum&dui=quam&luctus=sapien&rutrum=varius&nulla=ut&tellus=blandit&in=non&sagittis=interdum&dui=in&vel=ante&nisl=vestibulum&duis=ante&ac=ipsum&nibh=primis&fusce=in&lacus=faucibus&purus=orci&aliquet=luctus&at=et&feugiat=ultrices&non=posuere&pretium=cubilia&quis=curae&lectus=duis&suspendisse=faucibus&potenti=accumsan&in=odio&eleifend=curabitur&quam=convallis&a=duis&odio=consequat&in=dui&hac=nec&habitasse=nisi&platea=volutpat&dictumst=eleifend&maecenas=donec&ut=ut&massa=dolor&quis=morbi&augue=vel&luctus=lectus&tincidunt=in&nulla=quam&mollis=fringilla&molestie=rhoncus&lorem=mauris&quisque=enim&ut=leo&erat=rhoncus&curabitur=sed&gravida=vestibulum&nisi=sit&at=amet&nibh=cursus&in=id&hac=turpis&habitasse=integer&platea=aliquet&dictumst=massa&aliquam=id&augue=lobortis&quam=convallis&sollicitudin=tortor&vitae=risus&consectetuer=dapibus&eget=augue&rutrum=vel&at=accumsan&lorem=tellus&integer=nisi');
insert into Provedores (idProvedor, nombreCompania, nombreContacto, cargoContacto, direccion, ciudad, region, codigoPostal, pais, telefono, fax, paginaProvedor) values (10, 'Thoughtworks', 'Briggs Vigours', 'Librarian', '3 Emmet Drive', 'Iwo', 'Kut Chap', '4768492535', 'Nigeria', '(746) 6027252', '(867) 7869967', 'https://whitehouse.gov/diam/in/magna/bibendum/imperdiet.jpg?sem=ornare&duis=consequat&aliquam=lectus&convallis=in&nunc=est&proin=risus&at=auctor&turpis=sed&a=tristique&pede=in&posuere=tempus&nonummy=sit&integer=amet&non=sem&velit=fusce&donec=consequat&diam=nulla&neque=nisl&vestibulum=nunc&eget=nisl&vulputate=duis&ut=bibendum&ultrices=felis&vel=sed&augue=interdum&vestibulum=venenatis&ante=turpis&ipsum=enim&primis=blandit&in=mi&faucibus=in&orci=porttitor&luctus=pede&et=justo&ultrices=eu&posuere=massa&cubilia=donec&curae=dapibus&donec=duis&pharetra=at&magna=velit&vestibulum=eu&aliquet=est&ultrices=congue&erat=elementum&tortor=in&sollicitudin=hac&mi=habitasse&sit=platea&amet=dictumst&lobortis=morbi&sapien=vestibulum&sapien=velit&non=id&mi=pretium&integer=iaculis&ac=diam&neque=erat&duis=fermentum&bibendum=justo&morbi=nec&non=condimentum&quam=neque&nec=sapien&dui=placerat&luctus=ante&rutrum=nulla&nulla=justo&tellus=aliquam&in=quis&sagittis=turpis&dui=eget&vel=elit&nisl=sodales&duis=scelerisque&ac=mauris&nibh=sit&fusce=amet&lacus=eros&purus=suspendisse&aliquet=accumsan&at=tortor&feugiat=quis&non=turpis&pretium=sed&quis=ante&lectus=vivamus');
insert into Provedores (idProvedor, nombreCompania, nombreContacto, cargoContacto, direccion, ciudad, region, codigoPostal, pais, telefono, fax, paginaProvedor) values (11, 'Roombo', 'Gard Meers', 'Professor', '3904 Nancy Plaza', 'Angkup', 'Soa', '8778411085', 'Indonesia', '(184) 8877761', '(557) 5597742', 'https://un.org/donec/dapibus/duis/at/velit/eu/est.html?sem=sit&praesent=amet&id=diam&massa=in&id=magna&nisl=bibendum&venenatis=imperdiet&lacinia=nullam&aenean=orci&sit=pede&amet=venenatis&justo=non&morbi=sodales&ut=sed&odio=tincidunt&cras=eu&mi=felis&pede=fusce&malesuada=posuere&in=felis&imperdiet=sed&et=lacus&commodo=morbi&vulputate=sem&justo=mauris&in=laoreet&blandit=ut&ultrices=rhoncus&enim=aliquet&lorem=pulvinar&ipsum=sed&dolor=nisl&sit=nunc&amet=rhoncus&consectetuer=dui&adipiscing=vel&elit=sem&proin=sed&interdum=sagittis&mauris=nam&non=congue&ligula=risus&pellentesque=semper&ultrices=porta&phasellus=volutpat&id=quam&sapien=pede&in=lobortis&sapien=ligula&iaculis=sit&congue=amet&vivamus=eleifend&metus=pede&arcu=libero&adipiscing=quis&molestie=orci&hendrerit=nullam&at=molestie&vulputate=nibh&vitae=in&nisl=lectus&aenean=pellentesque&lectus=at&pellentesque=nulla&eget=suspendisse&nunc=potenti&donec=cras&quis=in&orci=purus&eget=eu&orci=magna&vehicula=vulputate&condimentum=luctus&curabitur=cum&in=sociis&libero=natoque&ut=penatibus&massa=et&volutpat=magnis&convallis=dis&morbi=parturient&odio=montes&odio=nascetur&elementum=ridiculus&eu=mus&interdum=vivamus&eu=vestibulum&tincidunt=sagittis');
insert into Provedores (idProvedor, nombreCompania, nombreContacto, cargoContacto, direccion, ciudad, region, codigoPostal, pais, telefono, fax, paginaProvedor) values (12, 'Wordtune', 'Bobbi Jewes', 'Account Coordinator', '6744 Heath Way', 'El Pino', 'Maloye Verevo', '7673772813', 'Dominican Repu', '(388) 3496230', '(926) 7553304', 'http://example.com/consectetuer/eget/rutrum/at/lorem/integer/tincidunt.js?rhoncus=ut&dui=volutpat&vel=sapien&sem=arcu&sed=sed&sagittis=augue&nam=aliquam&congue=erat&risus=volutpat&semper=in&porta=congue&volutpat=etiam&quam=justo&pede=etiam&lobortis=pretium&ligula=iaculis&sit=justo&amet=in&eleifend=hac&pede=habitasse&libero=platea&quis=dictumst&orci=etiam&nullam=faucibus&molestie=cursus&nibh=urna&in=ut&lectus=tellus&pellentesque=nulla&at=ut&nulla=erat&suspendisse=id&potenti=mauris&cras=vulputate&in=elementum&purus=nullam&eu=varius&magna=nulla&vulputate=facilisi&luctus=cras&cum=non&sociis=velit&natoque=nec&penatibus=nisi&et=vulputate&magnis=nonummy&dis=maecenas&parturient=tincidunt&montes=lacus&nascetur=at&ridiculus=velit&mus=vivamus&vivamus=vel&vestibulum=nulla&sagittis=eget&sapien=eros&cum=elementum&sociis=pellentesque&natoque=quisque&penatibus=porta&et=volutpat&magnis=erat&dis=quisque&parturient=erat&montes=eros&nascetur=viverra&ridiculus=eget&mus=congue');
insert into Provedores (idProvedor, nombreCompania, nombreContacto, cargoContacto, direccion, ciudad, region, codigoPostal, pais, telefono, fax, paginaProvedor) values (13, 'Avamba', 'Rochell Vasyutin', 'Geologist IV', '1 Elgar Road', 'Saint Petersbu', 'Anak', '1324960448', 'United States', '(727) 8940520', '(925) 9671997', 'http://google.es/arcu/sed/augue/aliquam/erat/volutpat/in.png?primis=ipsum&in=dolor&faucibus=sit&orci=amet&luctus=consectetuer&et=adipiscing&ultrices=elit&posuere=proin&cubilia=risus&curae=praesent&mauris=lectus&viverra=vestibulum&diam=quam&vitae=sapien&quam=varius&suspendisse=ut&potenti=blandit&nullam=non&porttitor=interdum&lacus=in&at=ante&turpis=vestibulum&donec=ante&posuere=ipsum&metus=primis&vitae=in&ipsum=faucibus&aliquam=orci&non=luctus&mauris=et&morbi=ultrices&non=posuere&lectus=cubilia&aliquam=curae&sit=duis&amet=faucibus&diam=accumsan&in=odio&magna=curabitur&bibendum=convallis&imperdiet=duis&nullam=consequat&orci=dui&pede=nec&venenatis=nisi&non=volutpat&sodales=eleifend&sed=donec&tincidunt=ut');
insert into Provedores (idProvedor, nombreCompania, nombreContacto, cargoContacto, direccion, ciudad, region, codigoPostal, pais, telefono, fax, paginaProvedor) values (14, 'Agivu', 'Archambault Martinetto', 'Sales Representative', '39 Killdeer Court', 'Yungaisi', 'Luleå', '0513975759', 'China', '(160) 9639252', '(233) 1412568', 'http://apple.com/varius/nulla/facilisi/cras/non/velit.aspx?in=ut&faucibus=massa&orci=volutpat');
insert into Provedores (idProvedor, nombreCompania, nombreContacto, cargoContacto, direccion, ciudad, region, codigoPostal, pais, telefono, fax, paginaProvedor) values (15, 'Trudoo', 'Brandon Meas', 'Marketing Assistant', '291 Lighthouse Bay Avenue', 'Roissy Charles', 'Dupnitsa', '0407337545', 'France', '(871) 5412081', '(421) 9699977', 'http://blog.com/convallis/duis/consequat/dui.jsp?justo=nisi&maecenas=volutpat&rhoncus=eleifend&aliquam=donec&lacus=ut&morbi=dolor&quis=morbi&tortor=vel&id=lectus&nulla=in&ultrices=quam&aliquet=fringilla&maecenas=rhoncus&leo=mauris&odio=enim&condimentum=leo&id=rhoncus&luctus=sed&nec=vestibulum&molestie=sit&sed=amet&justo=cursus&pellentesque=id&viverra=turpis&pede=integer&ac=aliquet&diam=massa&cras=id&pellentesque=lobortis&volutpat=convallis&dui=tortor&maecenas=risus&tristique=dapibus&est=augue&et=vel&tempus=accumsan&semper=tellus');
insert into Provedores (idProvedor, nombreCompania, nombreContacto, cargoContacto, direccion, ciudad, region, codigoPostal, pais, telefono, fax, paginaProvedor) values (16, 'Jabbersphere', 'Zelma Harpin', 'Tax Accountant', '3674 Clarendon Plaza', 'Chinandega', 'Fuxing', '8690025836', 'Nicaragua', '(149) 3773212', '(681) 2752034', 'http://marriott.com/sed/justo/pellentesque/viverra/pede/ac.png?erat=sed&fermentum=tincidunt&justo=eu&nec=felis&condimentum=fusce&neque=posuere&sapien=felis&placerat=sed&ante=lacus&nulla=morbi&justo=sem&aliquam=mauris&quis=laoreet&turpis=ut&eget=rhoncus&elit=aliquet&sodales=pulvinar&scelerisque=sed&mauris=nisl&sit=nunc&amet=rhoncus&eros=dui&suspendisse=vel&accumsan=sem&tortor=sed&quis=sagittis&turpis=nam&sed=congue&ante=risus&vivamus=semper&tortor=porta&duis=volutpat&mattis=quam&egestas=pede&metus=lobortis&aenean=ligula&fermentum=sit&donec=amet&ut=eleifend&mauris=pede&eget=libero');
insert into Provedores (idProvedor, nombreCompania, nombreContacto, cargoContacto, direccion, ciudad, region, codigoPostal, pais, telefono, fax, paginaProvedor) values (17, 'Vitz', 'Karney Beynkn', 'Software Engineer II', '24511 Hayes Crossing', 'Bailuquan', 'Sydney', '6140858134', 'China', '(851) 7952324', '(925) 7547302', 'http://issuu.com/convallis/nulla/neque/libero/convallis.aspx?venenatis=lacus&lacinia=at&aenean=turpis&sit=donec&amet=posuere&justo=metus&morbi=vitae&ut=ipsum&odio=aliquam&cras=non&mi=mauris&pede=morbi&malesuada=non&in=lectus&imperdiet=aliquam&et=sit&commodo=amet&vulputate=diam&justo=in&in=magna&blandit=bibendum&ultrices=imperdiet&enim=nullam&lorem=orci&ipsum=pede&dolor=venenatis&sit=non&amet=sodales&consectetuer=sed&adipiscing=tincidunt&elit=eu&proin=felis&interdum=fusce&mauris=posuere&non=felis&ligula=sed&pellentesque=lacus&ultrices=morbi&phasellus=sem&id=mauris&sapien=laoreet&in=ut&sapien=rhoncus&iaculis=aliquet&congue=pulvinar&vivamus=sed&metus=nisl&arcu=nunc&adipiscing=rhoncus&molestie=dui&hendrerit=vel&at=sem');
insert into Provedores (idProvedor, nombreCompania, nombreContacto, cargoContacto, direccion, ciudad, region, codigoPostal, pais, telefono, fax, paginaProvedor) values (18, 'Edgeify', 'Amargo Filinkov', 'Programmer IV', '5 Dapin Parkway', 'Paraguarí', 'Parchowo', '9398187189', 'Paraguay', '(358) 9448194', '(958) 3197388', 'https://themeforest.net/viverra.js?habitasse=nonummy&platea=maecenas&dictumst=tincidunt&morbi=lacus&vestibulum=at');
insert into Provedores (idProvedor, nombreCompania, nombreContacto, cargoContacto, direccion, ciudad, region, codigoPostal, pais, telefono, fax, paginaProvedor) values (19, 'Dabvine', 'Hedi McRannell', 'Financial Analyst', '93613 Vernon Parkway', 'Akhtarīn', 'Talanga', '5514469010', 'Syria', '(111) 5987440', '(477) 6353344', 'https://phoca.cz/porttitor/lacus/at/turpis/donec/posuere/metus.png?libero=suspendisse&nullam=potenti&sit=in&amet=eleifend&turpis=quam&elementum=a&ligula=odio');
insert into Provedores (idProvedor, nombreCompania, nombreContacto, cargoContacto, direccion, ciudad, region, codigoPostal, pais, telefono, fax, paginaProvedor) values (20, 'Blogtags', 'Alexandra Trew', 'Data Coordiator', '9292 Butterfield Circle', 'Sindou', 'Promyshlennaya', '1313857232', 'Burkina Faso', '(678) 6323245', '(273) 5611944', 'http://springer.com/donec/vitae/nisi/nam.jpg?in=orci&libero=nullam&ut=molestie&massa=nibh&volutpat=in&convallis=lectus&morbi=pellentesque&odio=at&odio=nulla&elementum=suspendisse&eu=potenti&interdum=cras&eu=in&tincidunt=purus&in=eu&leo=magna&maecenas=vulputate&pulvinar=luctus&lobortis=cum&est=sociis&phasellus=natoque&sit=penatibus&amet=et&erat=magnis&nulla=dis&tempus=parturient');
insert into Provedores (idProvedor, nombreCompania, nombreContacto, cargoContacto, direccion, ciudad, region, codigoPostal, pais, telefono, fax, paginaProvedor) values (21, 'Aivee', 'Emlen Wemes', 'Help Desk Technician', '617 American Place', 'Ostrov', 'Trélissac', '9720614777', 'Czech Republic', '(869) 3132807', '(670) 1953392', 'https://bravesites.com/duis/bibendum/felis/sed/interdum/venenatis/turpis.jpg?lorem=sapien&quisque=sapien&ut=non&erat=mi&curabitur=integer&gravida=ac&nisi=neque&at=duis&nibh=bibendum&in=morbi&hac=non&habitasse=quam&platea=nec&dictumst=dui&aliquam=luctus&augue=rutrum&quam=nulla&sollicitudin=tellus&vitae=in&consectetuer=sagittis&eget=dui&rutrum=vel&at=nisl&lorem=duis&integer=ac&tincidunt=nibh&ante=fusce&vel=lacus&ipsum=purus&praesent=aliquet&blandit=at&lacinia=feugiat&erat=non&vestibulum=pretium&sed=quis&magna=lectus&at=suspendisse&nunc=potenti&commodo=in&placerat=eleifend&praesent=quam&blandit=a&nam=odio&nulla=in&integer=hac&pede=habitasse&justo=platea&lacinia=dictumst&eget=maecenas&tincidunt=ut&eget=massa&tempus=quis&vel=augue&pede=luctus&morbi=tincidunt&porttitor=nulla&lorem=mollis&id=molestie&ligula=lorem&suspendisse=quisque&ornare=ut&consequat=erat&lectus=curabitur&in=gravida&est=nisi&risus=at&auctor=nibh&sed=in&tristique=hac&in=habitasse&tempus=platea');
insert into Provedores (idProvedor, nombreCompania, nombreContacto, cargoContacto, direccion, ciudad, region, codigoPostal, pais, telefono, fax, paginaProvedor) values (22, 'Skyndu', 'Flor McDugal', 'Engineer II', '71868 Dryden Avenue', 'Jetis', 'Langenburg', '6126572413', 'Indonesia', '(575) 2144009', '(131) 1197892', 'http://multiply.com/cubilia/curae.json?justo=lectus&etiam=vestibulum&pretium=quam&iaculis=sapien&justo=varius&in=ut&hac=blandit&habitasse=non&platea=interdum&dictumst=in&etiam=ante&faucibus=vestibulum&cursus=ante&urna=ipsum&ut=primis&tellus=in&nulla=faucibus&ut=orci&erat=luctus&id=et&mauris=ultrices&vulputate=posuere&elementum=cubilia&nullam=curae&varius=duis&nulla=faucibus&facilisi=accumsan&cras=odio&non=curabitur&velit=convallis&nec=duis&nisi=consequat&vulputate=dui&nonummy=nec&maecenas=nisi&tincidunt=volutpat&lacus=eleifend&at=donec&velit=ut&vivamus=dolor&vel=morbi&nulla=vel&eget=lectus&eros=in&elementum=quam&pellentesque=fringilla&quisque=rhoncus&porta=mauris&volutpat=enim&erat=leo&quisque=rhoncus&erat=sed&eros=vestibulum&viverra=sit&eget=amet&congue=cursus&eget=id&semper=turpis&rutrum=integer&nulla=aliquet&nunc=massa&purus=id&phasellus=lobortis&in=convallis&felis=tortor&donec=risus&semper=dapibus&sapien=augue&a=vel&libero=accumsan&nam=tellus&dui=nisi&proin=eu&leo=orci&odio=mauris&porttitor=lacinia&id=sapien&consequat=quis&in=libero&consequat=nullam&ut=sit&nulla=amet&sed=turpis&accumsan=elementum&felis=ligula&ut=vehicula&at=consequat&dolor=morbi&quis=a&odio=ipsum&consequat=integer&varius=a');
insert into Provedores (idProvedor, nombreCompania, nombreContacto, cargoContacto, direccion, ciudad, region, codigoPostal, pais, telefono, fax, paginaProvedor) values (23, 'Bluejam', 'Jarrod Kleine', 'VP Marketing', '8036 Oak Center', 'Halton', 'Nālchiti', '9443391570', 'United Kingdom', '(560) 5725124', '(652) 9398863', 'http://amazon.co.uk/curae/mauris.xml?nam=ac&nulla=est&integer=lacinia&pede=nisi&justo=venenatis&lacinia=tristique&eget=fusce&tincidunt=congue&eget=diam&tempus=id&vel=ornare&pede=imperdiet&morbi=sapien&porttitor=urna&lorem=pretium&id=nisl&ligula=ut&suspendisse=volutpat&ornare=sapien&consequat=arcu&lectus=sed&in=augue&est=aliquam&risus=erat&auctor=volutpat&sed=in&tristique=congue&in=etiam&tempus=justo&sit=etiam&amet=pretium&sem=iaculis&fusce=justo&consequat=in');
insert into Provedores (idProvedor, nombreCompania, nombreContacto, cargoContacto, direccion, ciudad, region, codigoPostal, pais, telefono, fax, paginaProvedor) values (24, 'Blogpad', 'Culver Aarons', 'Research Associate', '77 Arkansas Lane', 'Antrukan', 'Wanfa', '4417829584', 'Indonesia', '(469) 8029007', '(738) 9541890', 'http://nasa.gov/lacinia/erat/vestibulum/sed/magna/at.png?duis=sit&bibendum=amet&morbi=sapien&non=dignissim&quam=vestibulum&nec=vestibulum&dui=ante&luctus=ipsum&rutrum=primis&nulla=in&tellus=faucibus&in=orci&sagittis=luctus&dui=et&vel=ultrices&nisl=posuere&duis=cubilia&ac=curae&nibh=nulla&fusce=dapibus&lacus=dolor&purus=vel&aliquet=est&at=donec&feugiat=odio&non=justo&pretium=sollicitudin&quis=ut&lectus=suscipit&suspendisse=a&potenti=feugiat&in=et&eleifend=eros&quam=vestibulum&a=ac&odio=est&in=lacinia&hac=nisi&habitasse=venenatis&platea=tristique&dictumst=fusce&maecenas=congue&ut=diam&massa=id&quis=ornare&augue=imperdiet&luctus=sapien&tincidunt=urna&nulla=pretium&mollis=nisl&molestie=ut&lorem=volutpat&quisque=sapien&ut=arcu&erat=sed&curabitur=augue&gravida=aliquam&nisi=erat');
insert into Provedores (idProvedor, nombreCompania, nombreContacto, cargoContacto, direccion, ciudad, region, codigoPostal, pais, telefono, fax, paginaProvedor) values (25, 'Yambee', 'Teresa Searle', 'Health Coach III', '6314 Hoard Circle', 'Pancoran', 'Aroa', '9812476309', 'Indonesia', '(590) 9429884', '(869) 1839152', 'https://blogspot.com/risus.aspx?sed=vivamus&tincidunt=vestibulum&eu=sagittis&felis=sapien&fusce=cum&posuere=sociis&felis=natoque&sed=penatibus&lacus=et&morbi=magnis&sem=dis&mauris=parturient&laoreet=montes&ut=nascetur&rhoncus=ridiculus&aliquet=mus&pulvinar=etiam&sed=vel&nisl=augue&nunc=vestibulum&rhoncus=rutrum&dui=rutrum&vel=neque&sem=aenean&sed=auctor&sagittis=gravida&nam=sem&congue=praesent&risus=id&semper=massa&porta=id&volutpat=nisl&quam=venenatis&pede=lacinia&lobortis=aenean&ligula=sit&sit=amet&amet=justo&eleifend=morbi&pede=ut&libero=odio&quis=cras&orci=mi&nullam=pede&molestie=malesuada&nibh=in&in=imperdiet&lectus=et&pellentesque=commodo&at=vulputate&nulla=justo&suspendisse=in&potenti=blandit&cras=ultrices&in=enim&purus=lorem&eu=ipsum&magna=dolor&vulputate=sit&luctus=amet&cum=consectetuer&sociis=adipiscing&natoque=elit&penatibus=proin&et=interdum&magnis=mauris&dis=non&parturient=ligula&montes=pellentesque&nascetur=ultrices&ridiculus=phasellus&mus=id&vivamus=sapien&vestibulum=in&sagittis=sapien&sapien=iaculis&cum=congue&sociis=vivamus&natoque=metus&penatibus=arcu&et=adipiscing&magnis=molestie&dis=hendrerit&parturient=at&montes=vulputate&nascetur=vitae&ridiculus=nisl&mus=aenean&etiam=lectus&vel=pellentesque&augue=eget');
insert into Provedores (idProvedor, nombreCompania, nombreContacto, cargoContacto, direccion, ciudad, region, codigoPostal, pais, telefono, fax, paginaProvedor) values (26, 'Oyoyo', 'Mort Broadbridge', 'Help Desk Operator', '87592 Starling Crossing', 'Linjiang', 'Stockholm', '6152238805', 'China', '(741) 8846357', '(417) 2533455', 'http://hostgator.com/donec/odio.js?vestibulum=cubilia&ac=curae&est=mauris&lacinia=viverra&nisi=diam&venenatis=vitae&tristique=quam&fusce=suspendisse&congue=potenti&diam=nullam&id=porttitor&ornare=lacus&imperdiet=at&sapien=turpis&urna=donec&pretium=posuere&nisl=metus&ut=vitae&volutpat=ipsum&sapien=aliquam&arcu=non&sed=mauris&augue=morbi&aliquam=non&erat=lectus&volutpat=aliquam&in=sit&congue=amet&etiam=diam&justo=in&etiam=magna&pretium=bibendum&iaculis=imperdiet&justo=nullam&in=orci&hac=pede&habitasse=venenatis&platea=non&dictumst=sodales&etiam=sed&faucibus=tincidunt&cursus=eu&urna=felis&ut=fusce&tellus=posuere&nulla=felis&ut=sed&erat=lacus&id=morbi&mauris=sem&vulputate=mauris&elementum=laoreet&nullam=ut&varius=rhoncus&nulla=aliquet');
insert into Provedores (idProvedor, nombreCompania, nombreContacto, cargoContacto, direccion, ciudad, region, codigoPostal, pais, telefono, fax, paginaProvedor) values (27, 'Brightdog', 'Trstram Reidshaw', 'Marketing Manager', '93 Melrose Lane', 'Taraan', 'Stockholm', '3515903307', 'Indonesia', '(199) 1195313', '(605) 9507801', 'http://123-reg.co.uk/vestibulum/proin/eu/mi/nulla/ac/enim.jpg?duis=morbi&ac=odio&nibh=odio&fusce=elementum&lacus=eu&purus=interdum&aliquet=eu&at=tincidunt&feugiat=in&non=leo&pretium=maecenas&quis=pulvinar&lectus=lobortis&suspendisse=est&potenti=phasellus&in=sit&eleifend=amet&quam=erat&a=nulla&odio=tempus&in=vivamus&hac=in&habitasse=felis&platea=eu&dictumst=sapien&maecenas=cursus&ut=vestibulum&massa=proin&quis=eu&augue=mi&luctus=nulla&tincidunt=ac&nulla=enim&mollis=in&molestie=tempor&lorem=turpis&quisque=nec&ut=euismod&erat=scelerisque&curabitur=quam&gravida=turpis&nisi=adipiscing&at=lorem&nibh=vitae&in=mattis&hac=nibh&habitasse=ligula&platea=nec&dictumst=sem&aliquam=duis&augue=aliquam&quam=convallis&sollicitudin=nunc&vitae=proin&consectetuer=at&eget=turpis&rutrum=a&at=pede');
insert into Provedores (idProvedor, nombreCompania, nombreContacto, cargoContacto, direccion, ciudad, region, codigoPostal, pais, telefono, fax, paginaProvedor) values (28, 'Brightbean', 'Engelbert Mack', 'Registered Nurse', '03079 Victoria Hill', 'Kimry', 'Szczerców', '2870719217', 'Russia', '(456) 9103779', '(768) 5697465', 'http://chicagotribune.com/sed/nisl/nunc/rhoncus/dui/vel.xml?purus=nulla&phasellus=pede&in=ullamcorper&felis=augue&donec=a&semper=suscipit&sapien=nulla&a=elit&libero=ac&nam=nulla&dui=sed&proin=vel&leo=enim&odio=sit&porttitor=amet&id=nunc&consequat=viverra&in=dapibus&consequat=nulla&ut=suscipit&nulla=ligula&sed=in&accumsan=lacus&felis=curabitur&ut=at&at=ipsum&dolor=ac&quis=tellus&odio=semper&consequat=interdum&varius=mauris&integer=ullamcorper&ac=purus&leo=sit&pellentesque=amet&ultrices=nulla&mattis=quisque&odio=arcu&donec=libero&vitae=rutrum&nisi=ac&nam=lobortis&ultrices=vel&libero=dapibus&non=at&mattis=diam&pulvinar=nam&nulla=tristique&pede=tortor');
insert into Provedores (idProvedor, nombreCompania, nombreContacto, cargoContacto, direccion, ciudad, region, codigoPostal, pais, telefono, fax, paginaProvedor) values (29, 'Meetz', 'Giana MacDearmaid', 'Web Developer III', '70 Mosinee Point', 'Nanhuatang', 'Vidzy', '9921102816', 'China', '(507) 7872654', '(880) 7735956', 'https://mapy.cz/nonummy/maecenas/tincidunt/lacus.html?amet=sed&cursus=accumsan&id=felis&turpis=ut&integer=at&aliquet=dolor&massa=quis&id=odio&lobortis=consequat&convallis=varius&tortor=integer&risus=ac&dapibus=leo&augue=pellentesque&vel=ultrices&accumsan=mattis&tellus=odio&nisi=donec&eu=vitae&orci=nisi&mauris=nam&lacinia=ultrices&sapien=libero&quis=non&libero=mattis&nullam=pulvinar&sit=nulla&amet=pede&turpis=ullamcorper&elementum=augue&ligula=a&vehicula=suscipit&consequat=nulla&morbi=elit&a=ac&ipsum=nulla&integer=sed&a=vel&nibh=enim&in=sit&quis=amet&justo=nunc&maecenas=viverra&rhoncus=dapibus&aliquam=nulla&lacus=suscipit&morbi=ligula&quis=in&tortor=lacus&id=curabitur&nulla=at&ultrices=ipsum&aliquet=ac&maecenas=tellus&leo=semper&odio=interdum&condimentum=mauris&id=ullamcorper&luctus=purus&nec=sit&molestie=amet');
insert into Provedores (idProvedor, nombreCompania, nombreContacto, cargoContacto, direccion, ciudad, region, codigoPostal, pais, telefono, fax, paginaProvedor) values (30, 'Blogspan', 'Brooks Cousins', 'Senior Quality Engineer', '9 Beilfuss Parkway', 'Rosmaninhal', 'Pyhäsalmi', '2847618956', 'Portugal', '(800) 1602370', '(536) 8958546', 'https://merriam-webster.com/libero/non/mattis/pulvinar/nulla.js?nunc=in&purus=leo&phasellus=maecenas&in=pulvinar&felis=lobortis&donec=est&semper=phasellus&sapien=sit&a=amet&libero=erat&nam=nulla&dui=tempus&proin=vivamus&leo=in&odio=felis&porttitor=eu&id=sapien&consequat=cursus&in=vestibulum&consequat=proin&ut=eu&nulla=mi&sed=nulla&accumsan=ac&felis=enim&ut=in&at=tempor&dolor=turpis&quis=nec');
insert into Provedores (idProvedor, nombreCompania, nombreContacto, cargoContacto, direccion, ciudad, region, codigoPostal, pais, telefono, fax, paginaProvedor) values (31, 'Jetwire', 'Saba Trevithick', 'Biostatistician II', '1270 Esker Trail', 'Orsk', 'Macarse', '6066292507', 'Russia', '(619) 9101910', '(828) 6119330', 'https://edublogs.org/porttitor/pede/justo.js?eget=porttitor&nunc=lacus&donec=at&quis=turpis&orci=donec&eget=posuere&orci=metus&vehicula=vitae&condimentum=ipsum&curabitur=aliquam&in=non&libero=mauris&ut=morbi&massa=non&volutpat=lectus&convallis=aliquam&morbi=sit&odio=amet&odio=diam&elementum=in&eu=magna&interdum=bibendum&eu=imperdiet&tincidunt=nullam&in=orci&leo=pede&maecenas=venenatis&pulvinar=non&lobortis=sodales&est=sed&phasellus=tincidunt&sit=eu');
insert into Provedores (idProvedor, nombreCompania, nombreContacto, cargoContacto, direccion, ciudad, region, codigoPostal, pais, telefono, fax, paginaProvedor) values (32, 'Tazzy', 'Euphemia Leheude', 'Food Chemist', '5407 Dahle Junction', 'Linköping', 'Cikulahan', '3437848862', 'Sweden', '(836) 7138503', '(482) 9653111', 'https://woothemes.com/lectus/in/est/risus/auctor.json?diam=ut&id=massa&ornare=volutpat&imperdiet=convallis&sapien=morbi&urna=odio&pretium=odio&nisl=elementum&ut=eu&volutpat=interdum&sapien=eu&arcu=tincidunt&sed=in&augue=leo&aliquam=maecenas&erat=pulvinar&volutpat=lobortis&in=est&congue=phasellus&etiam=sit&justo=amet&etiam=erat&pretium=nulla&iaculis=tempus&justo=vivamus&in=in&hac=felis&habitasse=eu&platea=sapien&dictumst=cursus&etiam=vestibulum&faucibus=proin&cursus=eu&urna=mi&ut=nulla&tellus=ac&nulla=enim&ut=in&erat=tempor&id=turpis&mauris=nec&vulputate=euismod&elementum=scelerisque&nullam=quam&varius=turpis&nulla=adipiscing&facilisi=lorem&cras=vitae&non=mattis&velit=nibh&nec=ligula&nisi=nec&vulputate=sem&nonummy=duis&maecenas=aliquam&tincidunt=convallis&lacus=nunc&at=proin&velit=at&vivamus=turpis&vel=a&nulla=pede&eget=posuere&eros=nonummy');
insert into Provedores (idProvedor, nombreCompania, nombreContacto, cargoContacto, direccion, ciudad, region, codigoPostal, pais, telefono, fax, paginaProvedor) values (33, 'Thoughtbridge', 'Niccolo Fortnon', 'Editor', '4321 Boyd Parkway', 'Tawangsari', 'Zhuxi Chenggua', '9151247004', 'Indonesia', '(178) 5037745', '(301) 8135427', 'http://bizjournals.com/lobortis/est/phasellus/sit/amet/erat.jsp?in=ligula&tempus=suspendisse&sit=ornare&amet=consequat&sem=lectus&fusce=in&consequat=est&nulla=risus&nisl=auctor&nunc=sed&nisl=tristique&duis=in&bibendum=tempus&felis=sit&sed=amet&interdum=sem&venenatis=fusce&turpis=consequat&enim=nulla&blandit=nisl&mi=nunc&in=nisl&porttitor=duis&pede=bibendum&justo=felis&eu=sed&massa=interdum&donec=venenatis&dapibus=turpis&duis=enim&at=blandit&velit=mi&eu=in&est=porttitor&congue=pede&elementum=justo&in=eu');
insert into Provedores (idProvedor, nombreCompania, nombreContacto, cargoContacto, direccion, ciudad, region, codigoPostal, pais, telefono, fax, paginaProvedor) values (34, 'Kamba', 'Joya Cud', 'Database Administrator II', '3 Heath Park', 'Ban Khlong Ban', 'Karanganyarkra', '4414592560', 'Thailand', '(980) 9340291', '(880) 9635726', 'http://ning.com/justo/aliquam/quis/turpis/eget.aspx?bibendum=turpis&felis=sed&sed=ante&interdum=vivamus&venenatis=tortor&turpis=duis&enim=mattis&blandit=egestas&mi=metus&in=aenean&porttitor=fermentum&pede=donec&justo=ut&eu=mauris&massa=eget&donec=massa&dapibus=tempor&duis=convallis&at=nulla&velit=neque&eu=libero&est=convallis&congue=eget&elementum=eleifend&in=luctus&hac=ultricies&habitasse=eu&platea=nibh&dictumst=quisque&morbi=id&vestibulum=justo&velit=sit&id=amet&pretium=sapien&iaculis=dignissim&diam=vestibulum&erat=vestibulum&fermentum=ante&justo=ipsum&nec=primis&condimentum=in&neque=faucibus&sapien=orci&placerat=luctus&ante=et&nulla=ultrices&justo=posuere&aliquam=cubilia&quis=curae&turpis=nulla&eget=dapibus&elit=dolor&sodales=vel&scelerisque=est&mauris=donec&sit=odio&amet=justo&eros=sollicitudin&suspendisse=ut&accumsan=suscipit&tortor=a&quis=feugiat&turpis=et&sed=eros&ante=vestibulum&vivamus=ac&tortor=est&duis=lacinia&mattis=nisi&egestas=venenatis&metus=tristique&aenean=fusce&fermentum=congue&donec=diam&ut=id&mauris=ornare&eget=imperdiet&massa=sapien&tempor=urna&convallis=pretium&nulla=nisl&neque=ut&libero=volutpat&convallis=sapien&eget=arcu&eleifend=sed&luctus=augue&ultricies=aliquam&eu=erat&nibh=volutpat');
insert into Provedores (idProvedor, nombreCompania, nombreContacto, cargoContacto, direccion, ciudad, region, codigoPostal, pais, telefono, fax, paginaProvedor) values (35, 'Miboo', 'Nikki Burnsyde', 'Analog Circuit Design manager', '730 Comanche Street', 'Kitango', 'Habingkloang', '5898442191', 'Philippines', '(248) 3818996', '(526) 6680315', 'http://huffingtonpost.com/est/lacinia.xml?massa=pede&quis=lobortis&augue=ligula&luctus=sit&tincidunt=amet&nulla=eleifend&mollis=pede&molestie=libero&lorem=quis&quisque=orci&ut=nullam&erat=molestie&curabitur=nibh&gravida=in&nisi=lectus&at=pellentesque&nibh=at&in=nulla&hac=suspendisse&habitasse=potenti&platea=cras&dictumst=in&aliquam=purus&augue=eu&quam=magna&sollicitudin=vulputate&vitae=luctus&consectetuer=cum&eget=sociis&rutrum=natoque&at=penatibus&lorem=et&integer=magnis&tincidunt=dis&ante=parturient&vel=montes&ipsum=nascetur&praesent=ridiculus&blandit=mus&lacinia=vivamus&erat=vestibulum&vestibulum=sagittis&sed=sapien&magna=cum&at=sociis&nunc=natoque&commodo=penatibus&placerat=et&praesent=magnis&blandit=dis&nam=parturient&nulla=montes&integer=nascetur&pede=ridiculus&justo=mus&lacinia=etiam&eget=vel&tincidunt=augue&eget=vestibulum&tempus=rutrum&vel=rutrum&pede=neque&morbi=aenean&porttitor=auctor&lorem=gravida&id=sem&ligula=praesent&suspendisse=id&ornare=massa&consequat=id&lectus=nisl&in=venenatis&est=lacinia&risus=aenean&auctor=sit');
insert into Provedores (idProvedor, nombreCompania, nombreContacto, cargoContacto, direccion, ciudad, region, codigoPostal, pais, telefono, fax, paginaProvedor) values (36, 'Voomm', 'Van Aseef', 'Social Worker', '7622 Northport Terrace', 'San Rafael', 'Asnières-sur-S', '6733912564', 'Philippines', '(176) 2479764', '(272) 6590582', 'https://reference.com/pede/posuere/nonummy/integer/non/velit/donec.png?nec=odio&sem=justo&duis=sollicitudin&aliquam=ut&convallis=suscipit&nunc=a&proin=feugiat&at=et&turpis=eros&a=vestibulum&pede=ac&posuere=est');
insert into Provedores (idProvedor, nombreCompania, nombreContacto, cargoContacto, direccion, ciudad, region, codigoPostal, pais, telefono, fax, paginaProvedor) values (37, 'Tazzy', 'Willis Gathwaite', 'Software Engineer II', '79 Huxley Junction', 'Ketang', 'Blagoevgrad', '3498672852', 'China', '(361) 3006368', '(295) 8014493', 'http://ft.com/lorem/integer/tincidunt/ante/vel/ipsum/praesent.jpg?curabitur=et&convallis=tempus&duis=semper&consequat=est&dui=quam&nec=pharetra&nisi=magna&volutpat=ac&eleifend=consequat');
insert into Provedores (idProvedor, nombreCompania, nombreContacto, cargoContacto, direccion, ciudad, region, codigoPostal, pais, telefono, fax, paginaProvedor) values (38, 'Skiptube', 'Andi Guiton', 'Operator', '7 Knutson Alley', 'Yangdun', 'Saint-André-Av', '0420252690', 'China', '(852) 4723755', '(736) 8793543', 'http://huffingtonpost.com/nam/nulla/integer/pede.json?mattis=et&egestas=tempus&metus=semper&aenean=est&fermentum=quam&donec=pharetra&ut=magna&mauris=ac&eget=consequat&massa=metus&tempor=sapien&convallis=ut&nulla=nunc&neque=vestibulum&libero=ante&convallis=ipsum&eget=primis&eleifend=in&luctus=faucibus&ultricies=orci&eu=luctus&nibh=et&quisque=ultrices&id=posuere&justo=cubilia&sit=curae&amet=mauris&sapien=viverra&dignissim=diam&vestibulum=vitae&vestibulum=quam&ante=suspendisse&ipsum=potenti&primis=nullam&in=porttitor&faucibus=lacus&orci=at&luctus=turpis&et=donec&ultrices=posuere&posuere=metus&cubilia=vitae&curae=ipsum&nulla=aliquam&dapibus=non&dolor=mauris&vel=morbi&est=non&donec=lectus&odio=aliquam&justo=sit&sollicitudin=amet&ut=diam&suscipit=in&a=magna&feugiat=bibendum&et=imperdiet&eros=nullam&vestibulum=orci&ac=pede&est=venenatis&lacinia=non&nisi=sodales&venenatis=sed&tristique=tincidunt&fusce=eu&congue=felis&diam=fusce&id=posuere&ornare=felis&imperdiet=sed&sapien=lacus&urna=morbi&pretium=sem');
insert into Provedores (idProvedor, nombreCompania, nombreContacto, cargoContacto, direccion, ciudad, region, codigoPostal, pais, telefono, fax, paginaProvedor) values (39, 'Mynte', 'Ericka Woodall', 'Nuclear Power Engineer', '98 Grasskamp Drive', 'Järfälla', 'Huangsha', '4492427538', 'Sweden', '(970) 9184774', '(592) 8728024', 'https://comsenz.com/sociis/natoque/penatibus.html?sollicitudin=mattis&vitae=egestas&consectetuer=metus&eget=aenean&rutrum=fermentum&at=donec&lorem=ut&integer=mauris&tincidunt=eget&ante=massa&vel=tempor&ipsum=convallis&praesent=nulla&blandit=neque&lacinia=libero&erat=convallis&vestibulum=eget&sed=eleifend&magna=luctus&at=ultricies&nunc=eu&commodo=nibh&placerat=quisque&praesent=id&blandit=justo&nam=sit&nulla=amet&integer=sapien&pede=dignissim&justo=vestibulum&lacinia=vestibulum&eget=ante&tincidunt=ipsum&eget=primis&tempus=in&vel=faucibus&pede=orci&morbi=luctus&porttitor=et&lorem=ultrices&id=posuere&ligula=cubilia&suspendisse=curae&ornare=nulla&consequat=dapibus&lectus=dolor&in=vel&est=est&risus=donec&auctor=odio&sed=justo&tristique=sollicitudin&in=ut&tempus=suscipit&sit=a&amet=feugiat&sem=et&fusce=eros&consequat=vestibulum&nulla=ac&nisl=est&nunc=lacinia&nisl=nisi&duis=venenatis&bibendum=tristique&felis=fusce&sed=congue&interdum=diam&venenatis=id&turpis=ornare&enim=imperdiet&blandit=sapien&mi=urna&in=pretium&porttitor=nisl&pede=ut&justo=volutpat&eu=sapien&massa=arcu&donec=sed&dapibus=augue&duis=aliquam&at=erat&velit=volutpat&eu=in&est=congue&congue=etiam&elementum=justo&in=etiam');
insert into Provedores (idProvedor, nombreCompania, nombreContacto, cargoContacto, direccion, ciudad, region, codigoPostal, pais, telefono, fax, paginaProvedor) values (40, 'Brainsphere', 'Minna Gilchriest', 'Director of Sales', '4224 Clarendon Court', 'Lloydminster', 'Catamayo', '1261089063', 'Canada', '(786) 5662041', '(565) 7422817', 'https://bandcamp.com/nibh/fusce/lacus/purus/aliquet/at.jpg?lobortis=at&est=nibh&phasellus=in&sit=hac&amet=habitasse&erat=platea&nulla=dictumst&tempus=aliquam&vivamus=augue&in=quam&felis=sollicitudin&eu=vitae&sapien=consectetuer&cursus=eget&vestibulum=rutrum&proin=at&eu=lorem&mi=integer&nulla=tincidunt&ac=ante&enim=vel&in=ipsum&tempor=praesent&turpis=blandit&nec=lacinia&euismod=erat&scelerisque=vestibulum&quam=sed&turpis=magna&adipiscing=at&lorem=nunc&vitae=commodo&mattis=placerat&nibh=praesent&ligula=blandit&nec=nam&sem=nulla&duis=integer&aliquam=pede&convallis=justo&nunc=lacinia&proin=eget&at=tincidunt&turpis=eget&a=tempus&pede=vel&posuere=pede&nonummy=morbi&integer=porttitor&non=lorem&velit=id&donec=ligula&diam=suspendisse&neque=ornare&vestibulum=consequat&eget=lectus&vulputate=in&ut=est&ultrices=risus&vel=auctor&augue=sed&vestibulum=tristique&ante=in&ipsum=tempus&primis=sit&in=amet&faucibus=sem&orci=fusce&luctus=consequat&et=nulla&ultrices=nisl&posuere=nunc&cubilia=nisl&curae=duis&donec=bibendum&pharetra=felis&magna=sed&vestibulum=interdum&aliquet=venenatis&ultrices=turpis&erat=enim&tortor=blandit&sollicitudin=mi&mi=in&sit=porttitor&amet=pede&lobortis=justo&sapien=eu&sapien=massa&non=donec&mi=dapibus&integer=duis');
insert into Provedores (idProvedor, nombreCompania, nombreContacto, cargoContacto, direccion, ciudad, region, codigoPostal, pais, telefono, fax, paginaProvedor) values (41, 'Realcube', 'Gipsy Cowdrey', 'Office Assistant I', '2 Stone Corner Way', 'Hila', 'Consolacion', '8006096815', 'Indonesia', '(620) 7480695', '(715) 6223629', 'https://deliciousdays.com/dui/luctus.jpg?elit=nunc&proin=rhoncus&risus=dui&praesent=vel&lectus=sem&vestibulum=sed&quam=sagittis&sapien=nam');
insert into Provedores (idProvedor, nombreCompania, nombreContacto, cargoContacto, direccion, ciudad, region, codigoPostal, pais, telefono, fax, paginaProvedor) values (42, 'Lazzy', 'Kari Crowder', 'Web Designer IV', '7 Northwestern Point', 'Sucre', 'Huancheng', '2577865137', 'Peru', '(735) 6605380', '(115) 8823788', 'http://angelfire.com/consectetuer/adipiscing/elit/proin.aspx?proin=donec&risus=diam&praesent=neque&lectus=vestibulum&vestibulum=eget&quam=vulputate&sapien=ut&varius=ultrices&ut=vel&blandit=augue&non=vestibulum&interdum=ante');
insert into Provedores (idProvedor, nombreCompania, nombreContacto, cargoContacto, direccion, ciudad, region, codigoPostal, pais, telefono, fax, paginaProvedor) values (43, 'Meevee', 'Alanson Blaxill', 'Web Designer IV', '816 Tennessee Road', 'Banjar Dauhpura', 'Daya', '0367607969', 'Indonesia', '(391) 3662243', '(985) 7253509', 'https://uiuc.edu/viverra/eget/congue/eget/semper.json?varius=nonummy&nulla=integer&facilisi=non&cras=velit&non=donec&velit=diam&nec=neque&nisi=vestibulum&vulputate=eget&nonummy=vulputate&maecenas=ut&tincidunt=ultrices&lacus=vel&at=augue&velit=vestibulum&vivamus=ante&vel=ipsum&nulla=primis&eget=in&eros=faucibus&elementum=orci&pellentesque=luctus&quisque=et&porta=ultrices&volutpat=posuere&erat=cubilia&quisque=curae&erat=donec&eros=pharetra&viverra=magna&eget=vestibulum&congue=aliquet&eget=ultrices&semper=erat&rutrum=tortor&nulla=sollicitudin&nunc=mi&purus=sit&phasellus=amet&in=lobortis&felis=sapien&donec=sapien&semper=non&sapien=mi&a=integer&libero=ac&nam=neque&dui=duis&proin=bibendum&leo=morbi&odio=non&porttitor=quam&id=nec&consequat=dui&in=luctus&consequat=rutrum&ut=nulla&nulla=tellus&sed=in&accumsan=sagittis&felis=dui&ut=vel&at=nisl&dolor=duis&quis=ac&odio=nibh&consequat=fusce&varius=lacus&integer=purus&ac=aliquet&leo=at&pellentesque=feugiat&ultrices=non&mattis=pretium');
insert into Provedores (idProvedor, nombreCompania, nombreContacto, cargoContacto, direccion, ciudad, region, codigoPostal, pais, telefono, fax, paginaProvedor) values (44, 'Mynte', 'Odilia Retchless', 'Occupational Therapist', '712 Namekagon Point', 'Minneapolis', 'Fangshan', '3257057739', 'United States', '(612) 5733981', '(731) 8480086', 'https://time.com/molestie/hendrerit.html?magna=posuere&vestibulum=cubilia&aliquet=curae&ultrices=mauris&erat=viverra&tortor=diam&sollicitudin=vitae&mi=quam&sit=suspendisse&amet=potenti&lobortis=nullam&sapien=porttitor&sapien=lacus&non=at&mi=turpis&integer=donec&ac=posuere&neque=metus&duis=vitae&bibendum=ipsum&morbi=aliquam&non=non&quam=mauris&nec=morbi');
insert into Provedores (idProvedor, nombreCompania, nombreContacto, cargoContacto, direccion, ciudad, region, codigoPostal, pais, telefono, fax, paginaProvedor) values (45, 'Youspan', 'Carlyn Ayling', 'Senior Quality Engineer', '6423 Buell Drive', 'Pondokrejo Wet', 'Oljoq', '6885759941', 'Indonesia', '(303) 7688261', '(187) 2435691', 'http://desdev.cn/habitasse/platea/dictumst/etiam/faucibus/cursus/urna.jpg?ultrices=magnis&vel=dis&augue=parturient&vestibulum=montes&ante=nascetur&ipsum=ridiculus&primis=mus&in=etiam&faucibus=vel&orci=augue&luctus=vestibulum&et=rutrum&ultrices=rutrum&posuere=neque&cubilia=aenean&curae=auctor&donec=gravida&pharetra=sem&magna=praesent&vestibulum=id&aliquet=massa&ultrices=id&erat=nisl&tortor=venenatis&sollicitudin=lacinia&mi=aenean&sit=sit&amet=amet&lobortis=justo&sapien=morbi&sapien=ut');
insert into Provedores (idProvedor, nombreCompania, nombreContacto, cargoContacto, direccion, ciudad, region, codigoPostal, pais, telefono, fax, paginaProvedor) values (46, 'Brainbox', 'Yurik Harsnipe', 'Payment Adjustment Coordinator', '68 Hooker Hill', 'Xinglong', 'Ganquan', '7968220106', 'China', '(878) 9786575', '(532) 1847290', 'https://bandcamp.com/velit.html?morbi=sit&a=amet&ipsum=sapien&integer=dignissim&a=vestibulum&nibh=vestibulum&in=ante&quis=ipsum&justo=primis&maecenas=in&rhoncus=faucibus&aliquam=orci&lacus=luctus&morbi=et&quis=ultrices&tortor=posuere&id=cubilia&nulla=curae&ultrices=nulla&aliquet=dapibus&maecenas=dolor&leo=vel&odio=est&condimentum=donec&id=odio&luctus=justo&nec=sollicitudin&molestie=ut&sed=suscipit&justo=a&pellentesque=feugiat&viverra=et&pede=eros&ac=vestibulum&diam=ac&cras=est&pellentesque=lacinia&volutpat=nisi&dui=venenatis&maecenas=tristique&tristique=fusce&est=congue&et=diam&tempus=id&semper=ornare&est=imperdiet&quam=sapien&pharetra=urna&magna=pretium&ac=nisl&consequat=ut&metus=volutpat&sapien=sapien&ut=arcu&nunc=sed&vestibulum=augue&ante=aliquam&ipsum=erat&primis=volutpat&in=in&faucibus=congue&orci=etiam&luctus=justo&et=etiam');
insert into Provedores (idProvedor, nombreCompania, nombreContacto, cargoContacto, direccion, ciudad, region, codigoPostal, pais, telefono, fax, paginaProvedor) values (47, 'Shuffledrive', 'Brandice Miliffe', 'Budget/Accounting Analyst III', '47655 Valley Edge Court', 'Cafe', 'Ajaccio', '4850230604', 'Philippines', '(452) 8904115', '(527) 4339250', 'http://delicious.com/pretium/quis.png?non=sit&quam=amet&nec=turpis&dui=elementum&luctus=ligula&rutrum=vehicula&nulla=consequat&tellus=morbi&in=a&sagittis=ipsum&dui=integer&vel=a&nisl=nibh&duis=in&ac=quis&nibh=justo&fusce=maecenas&lacus=rhoncus&purus=aliquam&aliquet=lacus&at=morbi&feugiat=quis&non=tortor&pretium=id&quis=nulla&lectus=ultrices&suspendisse=aliquet&potenti=maecenas&in=leo&eleifend=odio&quam=condimentum&a=id&odio=luctus&in=nec&hac=molestie&habitasse=sed&platea=justo&dictumst=pellentesque&maecenas=viverra&ut=pede&massa=ac&quis=diam&augue=cras&luctus=pellentesque&tincidunt=volutpat&nulla=dui&mollis=maecenas');
insert into Provedores (idProvedor, nombreCompania, nombreContacto, cargoContacto, direccion, ciudad, region, codigoPostal, pais, telefono, fax, paginaProvedor) values (48, 'Kwideo', 'Cati Farragher', 'Project Manager', '43 Springs Point', 'Bacnor East', 'Chōfugaoka', '1043235094', 'Philippines', '(636) 8180294', '(981) 9874612', 'https://reference.com/ac/lobortis/vel/dapibus/at.html?sed=nisl&vestibulum=ut&sit=volutpat&amet=sapien&cursus=arcu&id=sed&turpis=augue&integer=aliquam&aliquet=erat&massa=volutpat&id=in&lobortis=congue&convallis=etiam&tortor=justo');
insert into Provedores (idProvedor, nombreCompania, nombreContacto, cargoContacto, direccion, ciudad, region, codigoPostal, pais, telefono, fax, paginaProvedor) values (49, 'Flipbug', 'Grayce Levesley', 'Senior Quality Engineer', '373 Lukken Place', 'Angkimang', 'Linjiang', '2421041877', 'Indonesia', '(596) 4947890', '(340) 6712346', 'https://nps.gov/magna/vulputate/luctus/cum/sociis.html?volutpat=metus&quam=aenean&pede=fermentum&lobortis=donec&ligula=ut&sit=mauris&amet=eget&eleifend=massa&pede=tempor&libero=convallis&quis=nulla&orci=neque&nullam=libero&molestie=convallis&nibh=eget&in=eleifend&lectus=luctus&pellentesque=ultricies&at=eu&nulla=nibh&suspendisse=quisque&potenti=id&cras=justo&in=sit&purus=amet&eu=sapien&magna=dignissim&vulputate=vestibulum&luctus=vestibulum&cum=ante&sociis=ipsum&natoque=primis&penatibus=in&et=faucibus&magnis=orci&dis=luctus&parturient=et&montes=ultrices&nascetur=posuere&ridiculus=cubilia&mus=curae&vivamus=nulla&vestibulum=dapibus&sagittis=dolor&sapien=vel&cum=est&sociis=donec&natoque=odio&penatibus=justo&et=sollicitudin&magnis=ut&dis=suscipit&parturient=a&montes=feugiat&nascetur=et&ridiculus=eros&mus=vestibulum&etiam=ac');
insert into Provedores (idProvedor, nombreCompania, nombreContacto, cargoContacto, direccion, ciudad, region, codigoPostal, pais, telefono, fax, paginaProvedor) values (50, 'Dabvine', 'Dasha Colafate', 'Pharmacist', '7933 Fair Oaks Terrace', 'Mlalo', 'Tyumen', '5701423349', 'Tanzania', '(205) 4841620', '(600) 6526013', 'http://amazon.de/felis/ut.html?eu=penatibus&tincidunt=et&in=magnis&leo=dis&maecenas=parturient&pulvinar=montes&lobortis=nascetur&est=ridiculus&phasellus=mus&sit=etiam&amet=vel&erat=augue&nulla=vestibulum&tempus=rutrum&vivamus=rutrum&in=neque&felis=aenean&eu=auctor&sapien=gravida&cursus=sem&vestibulum=praesent&proin=id&eu=massa&mi=id&nulla=nisl&ac=venenatis&enim=lacinia&in=aenean&tempor=sit&turpis=amet&nec=justo&euismod=morbi&scelerisque=ut&quam=odio&turpis=cras&adipiscing=mi&lorem=pede&vitae=malesuada&mattis=in&nibh=imperdiet&ligula=et&nec=commodo&sem=vulputate&duis=justo&aliquam=in&convallis=blandit&nunc=ultrices&proin=enim&at=lorem&turpis=ipsum&a=dolor&pede=sit&posuere=amet&nonummy=consectetuer&integer=adipiscing&non=elit&velit=proin&donec=interdum&diam=mauris&neque=non&vestibulum=ligula&eget=pellentesque&vulputate=ultrices&ut=phasellus&ultrices=id&vel=sapien&augue=in&vestibulum=sapien&ante=iaculis&ipsum=congue&primis=vivamus&in=metus&faucibus=arcu&orci=adipiscing&luctus=molestie&et=hendrerit&ultrices=at&posuere=vulputate&cubilia=vitae&curae=nisl&donec=aenean&pharetra=lectus&magna=pellentesque&vestibulum=eget&aliquet=nunc&ultrices=donec&erat=quis&tortor=orci&sollicitudin=eget&mi=orci&sit=vehicula&amet=condimentum&lobortis=curabitur&sapien=in&sapien=libero&non=ut&mi=massa&integer=volutpat&ac=convallis&neque=morbi');
SET IDENTITY_INSERT Provedores OFF;

-- Insertamos datos de Categorias
SET IDENTITY_INSERT Categorias ON;
insert into Categorias (idCategoria, nombreCategoria, descripcion, imagen) values (1, 'Jewelery', 'Curabitur gravida nisi at nibh. In hac habitasse platea dictumst. Aliquam augue quam, sollicitudin vitae, consectetuer eget, rutrum at, lorem.', 'data:image/png;base64,iVBORw0KGgoAAAANSUhEUgAAABAAAAAQCAYAAAAf8/9hAAAABGdBTUEAAK/INwWK6QAAABl0RVh0U29mdHdhcmUAQWRvYmUgSW1hZ2VSZWFkeXHJZTwAAAI9SURBVDjLpZNBS9RhEMZ/u60aZAdNSXdLrcxNS82DaRQVRBCUGngwwkOnvkB0yEt0qy/QKSrq5DUSQgLTSi01d80gcrXSTTdTViTU//+ded8ORihFYD4wl+FhYOY3T8A5x2YU3Ij54qOmp833zmX+14CWh431vm9OGs+8W9sPXOm49HsHqxarFhXbZ9W2EQxeECNnxUh0W2Y2kdwIcwtzJCbHY8+uvagBCAG0Vl3G4XDOYZ1jbPbj0ffJ0S6xQrT4AFszsxC1qFPycvJYXl45fOxG7ctXNweOB51zWBzW2V+l7MnbS21JLemFNBmhDIwIxhqMGowKxgjGNxkAISuWB2/uoqIE7Rb255dxMHKInO07CLkMxpMTpOZnmE7NEN4ZQUVITIyPDNyK1wEE1mJsud+QLUavl4cr2o5E64glhumJ9ag629TV1ttRd7VGNWQ/Dd6Ol/6VgguCDTjiYzGWvCWiReX4Pwxe2gPAX/Lx5rx1dAKt7c1OjCBGcOIoyC1kMb1IWTjKvqJSJqbGGR6Nk0gkOBitQMQyNDg0kmj/XA0QMr7hRPkp1ClqBbHKXNY88Q9xineVEC6IUFgQwZ62qFUsFm/Fq9p9Pvx66sl0XdD46y8sKiwuLZL6/o3nvd3Mp+cRJ4gVxCliFRFFjBqAQMOdM06MYHxB/FVEYqRPPG3z0/7qI/kazc/Pp7K6kuSXJEP9b2MznbM1f1D4l4oaI/Uq2qViJ1Ods9ENZ2Hy8dd+NdqtRivXUdhsnH8Cn6RstCM01H4AAAAASUVORK5CYII=');
insert into Categorias (idCategoria, nombreCategoria, descripcion, imagen) values (2, 'Jewelery', 'Mauris enim leo, rhoncus sed, vestibulum sit amet, cursus id, turpis. Integer aliquet, massa id lobortis convallis, tortor risus dapibus augue, vel accumsan tellus nisi eu orci. Mauris lacinia sapien quis libero.', 'data:image/png;base64,iVBORw0KGgoAAAANSUhEUgAAABAAAAAQCAYAAAAf8/9hAAAABGdBTUEAAK/INwWK6QAAABl0RVh0U29mdHdhcmUAQWRvYmUgSW1hZ2VSZWFkeXHJZTwAAAIuSURBVDjLjZPBaxpBFMY/E5u1MdZuNFgVaqsHoSCE0BzEm6eehFxaafGQQ1oCtodCj14tFq8pveVP8NCTUForCLnYSwVbexHrrhFtm4jiqjuznRkxRDDBgeENb9/83vfe24FhGFhmt8JhY5F/BUuuj/v7C/0mTpmtarVqEEKg6zpmlu9Op4NSqQSPx4NAIIBYLGaa3TFfpk0mE/j9fnG+DObnaDQqbD6fn1MwB+DZ+Pryc1oZYQxCAWpQpgh49EDHaDS6GjAej0WWnTv/FjYSuL0c4KQpi6w6nSrQWXZKDext69A07XoAX7vu7hXjlK9XwD/ywK/1TVa/IRRQMu2FwRQ8eTi5XsE5OcNwOIR0WkSj0YDD4UC33UYkEoHNZsPx8ScxynQ6/VdRlLeVSuX9BeDNyeE9s03Cea4nxplIJDAYDNBsNlEoFGC32/n8YTab0Wq15HK5/I4l2boAUErv/6mdAb8bePz0GVKpFA+E2+1GKBQS52w2C7WlYsNh/fby4NUOAzwXgNelF7dM1PRZq4+xvrEugPyHqtfriMfjkGUZ/X5f/JFHH45AtkebPIapkgSA6OSQ6NTor/VM6qkiALVfNa4KmUwGVqtV+HhJYI1d+37zLnYB1gdNvIVkMmnMAnq9HsLhMLxeLywWC9qsibVaDZIkwefzweVyYagNoSoqisXij7nHFAwGV1nNIZYxx7q9xS6tMvdKt9s9YFZxOp05Zm+wcRNVVTss4d5/6EF77ncyqQUAAAAASUVORK5CYII=');
insert into Categorias (idCategoria, nombreCategoria, descripcion, imagen) values (3, 'Kids', 'Curabitur gravida nisi at nibh. In hac habitasse platea dictumst. Aliquam augue quam, sollicitudin vitae, consectetuer eget, rutrum at, lorem.', 'data:image/png;base64,iVBORw0KGgoAAAANSUhEUgAAABAAAAAQCAYAAAAf8/9hAAAABGdBTUEAAK/INwWK6QAAABl0RVh0U29mdHdhcmUAQWRvYmUgSW1hZ2VSZWFkeXHJZTwAAACzSURBVDjL7dI9C0FxHMXx8zruG2SSUjKgXwklw2WxSB4yGC2iDFyDpwj1T1LK00jq+hduOt6AwU02w1k/deoLkvhm+APvAVRpoEpBxVEoaoX8SZDbG24AkcWTrZ3D+ubByPBCmEv5HCjfVXPrMNq/0WdpZuaaSI3U50DhomrrG/2WpqdzZWJiE7G2CyB3lPDgTHOmGR/bDHUPRLDk4kJ2ZSA9FSR7CtJQCOQF3rjxL/FHwAu8X+2ABKJChQAAAABJRU5ErkJggg==');
insert into Categorias (idCategoria, nombreCategoria, descripcion, imagen) values (4, 'Kids', 'Aliquam quis turpis eget elit sodales scelerisque. Mauris sit amet eros. Suspendisse accumsan tortor quis turpis.

Sed ante. Vivamus tortor. Duis mattis egestas metus.', 'data:image/png;base64,iVBORw0KGgoAAAANSUhEUgAAABAAAAAQCAYAAAAf8/9hAAAABGdBTUEAAK/INwWK6QAAABl0RVh0U29mdHdhcmUAQWRvYmUgSW1hZ2VSZWFkeXHJZTwAAAJvSURBVDjLfZPNS1RRGMZ/984dmawk7IMpjKiMPuiLCIowWkQgGNHOTZuW0ScFMSsXFSi1CUoX/RVBVJRFRWK6iewDIpAKysR0ambunTn3no+3xR3NFHvh4X0PnPM7z3PgeCICgD13Rti2HdPfjxiDWIvTGlfv2fZ25MlzFj995DGrgulh9iGZddAZk66NQRLN3PoL0AYxBhfHOGNSkDEzc7AAwJ8BJBqJY1i3DhvHuDjGxjFWKbzWVly1hiTJfxwk+grhSFe24wfZzkloiHFOsFUfN/UV97yY7lkIEJx/9U2UH7LhwhIaNyP4+K6Gp0u48keS3K3QdahvcwGeiGAGW/Yh3KW1Ny+ZJpwpgqkgNkKsAs8DqwlfF8ZtwvH8CRn+5w3E6gJrL+clWIaY32BriFV1Rbh4AnERuU2n8rpMYV4EZ5K2zOKdiCkjTtUV16UQV8XpX/iNq9ARbfMi1J422WDPA9+pMbDV1LoJ6xFCxIQ8+xLx8juUahGVaqnyOyxef9A9ci11YB2IAZf8tT59u1U8Hi3z3jRy6OBeWpo38ezD3aVD719e3X9mzTI/jWCLokuI6DnWU93/VGT3ll1Y37Jr9RGsp9m/4wDA6RSg1YCdGsbzMuBicCqVTftEeZKst4RjW88CcOnwHTau2gmQ8wGsoid83T3u1BRkcogYxNad4KiEk3wYG6Sn/yQAPY9PMjrxFkD5AM2dMmwiuqYeXhxPJt7hZZrwF7Xg59ZCZiVH1y9n6O0gDQTce9dHgxcw8OYFQK83/Z0BPt/w9iUlCkbRZg3NOgZVpagiBm6uWFn5GQTHgaVABegbuj1W+AMfFb4tKjBFuAAAAABJRU5ErkJggg==');
insert into Categorias (idCategoria, nombreCategoria, descripcion, imagen) values (5, 'Garden', 'Praesent id massa id nisl venenatis lacinia. Aenean sit amet justo. Morbi ut odio.', 'data:image/png;base64,iVBORw0KGgoAAAANSUhEUgAAABAAAAAQCAYAAAAf8/9hAAAABGdBTUEAAK/INwWK6QAAABl0RVh0U29mdHdhcmUAQWRvYmUgSW1hZ2VSZWFkeXHJZTwAAAJqSURBVDjLnVNLa1phED1X1CS+Aokv0Ks0D2jQnbRJi6UJLdidBLsvXfQ3ZFnaXXfd5Re4KiG4DNKNaI1YUVDoUryVxIiPGOP71ZmvGBKkm14Y7nyXOWfOnG+uNJvNcP+pVquySqUKTafTwHg89lFgNBplut3uWavVOvH7/b/v10v3Ca6urp5JknSk0WiC9AYRgQkGgwFub2+hKErk5ubmy+HhYXKOUc2Ty8tLmboeLS8vB5eWlsDEmUxGxHA4xMrKClwuV/D6+vro+PhYXiAgmSG1Wi06M4BJ/P4XeLm/D6PRiF6vB1IGh8MRrFQqoTlOPU/6/X7AYDDwW3T7VaziPPlDKNnd3YPbvsr+wGq1otlsBgjy9YECmtPHxTyvlrqfJxMwuZ7A9OgAP4tjmEwmVgm9Xo9Op+NbUEAuC8NYPrXFdAoMocNkosVQWhU1k8kEZCITYMEDIsi0221RRNeF53tP0Wm30Or28erxDPV6XdSVSiX2I7NAQO6ekTkiTyQS0KCHd68d+HBgwKhTQSwWEwqz2SyPebYwQqPROCmXy288Hk+AbgO5XA7pdJpGmYp9YGP5TATf6dvJggIq2CWDbPF4PMLnnZ0dbG5uYmtrC16vF0SO09PTyPr6uo125f2DTQyHw28pD5PL2nw+76KlUrgrz82eaLVa1Go1kDKX2WxWiASpVOpjoVD4LEYgSd+2t7fBHsiyrNjtduh0OlxcXIjb4QUqFotsnrK2toaNjQ1Eo9FPBP1LwMvDAKfTCYvFIs4cNpvtLne73eKKeRfYFzb0zkRmJ0axRBxzEMf8G4MZxOB//o3/8/wBTrxxLgOn/DMAAAAASUVORK5CYII=');
insert into Categorias (idCategoria, nombreCategoria, descripcion, imagen) values (6, 'Beauty', 'Phasellus in felis. Donec semper sapien a libero. Nam dui.

Proin leo odio, porttitor id, consequat in, consequat ut, nulla. Sed accumsan felis. Ut at dolor quis odio consequat varius.', 'data:image/png;base64,iVBORw0KGgoAAAANSUhEUgAAABAAAAAQCAYAAAAf8/9hAAAABGdBTUEAAK/INwWK6QAAABl0RVh0U29mdHdhcmUAQWRvYmUgSW1hZ2VSZWFkeXHJZTwAAALsSURBVBgZBcFtaJVlGMDx/3U/9znz7LjjfMGXYiq1VkkrUiRoZQUhhoOKrAi/hEH0IUHFZQSREu1TQh8CP0TaEBQtIYikfRD3ciSWc0rlWpuzEmbT5TZ1O8fzPPd9Xf1+8uLHvW8XSnXbnbABWAAIAAKYgClBdXz2lp2ROzMd/YfaUwAAAHnps3L/0Z0bHnVOGg0SDAAAzACMqbmMY4OzTF6rVYZ/H1lSPtReAwDwLpGH8z5pvHyTxImAgClEU0Iwqlnk+YcaeKrFM6BT9aaPzDz3/o+Le7/cWgNwIrLQzJJ84sg58AKJg0RABBwCKKtKeYorvmdtc67gS8UjAADOQAAc4AScCE4EJ4ITwSXCv9NV1izMmKtOEOq+JsklrwMAeAAz8AkIgomg0biRjjH03w9cn/uDMB4JaaCpYTVZmKd+5QkHzwLgzcAALw7DMGCyNsb5qe+4r34Jjy9tR02JFlGLBI1UKgNuyxcvXPlp19lmb4ACIiAIBozdHmBZvsjywgqGJgYZmxwlSwNNi1cTQ2T4SqrdHWebAZwGMAMFDDAzrs5cYuj6BU799i3zFcfuZ06ye9Mpbk1XCRVHqLyTtu3fWADwqoaZgYFhAOxYdxAzUIOokeODnWxb/xGL8is58MonvNw5yLlPz1cBfFSIBqagAAAYQVOEHF+V93G3OosavNV2gA+Ovsdc7ZcFT+wKFrLwj9dgqBn7L6YIhgqYCagjvfkhTQ23qcsH9nzzNFkaeLBpLdu3vcHwyJ/09p/r9iFEYoRVpRzrlzvUIBqc7nuN+xtLtDa3Ei3yWMs6okXUIqNXx+npK1+IIR73oaYaVC2NyM8TERXDEJa2nOTvy3uozA+QhcDwyAghDYQsouGBGELc+1fXtR6f3Ys3ivlk2b7WtGhmDgMFABZt/JyOrnep3Jmm3PkrImgh7+627uieGO3a0gPgRezg5r19r4rIk4bVAwBgYIDxJjE5nGvbeSYD7qnqkHccAwD4HyXFhGV2sNBxAAAAAElFTkSuQmCC');
insert into Categorias (idCategoria, nombreCategoria, descripcion, imagen) values (7, 'Automotive', 'In sagittis dui vel nisl. Duis ac nibh. Fusce lacus purus, aliquet at, feugiat non, pretium quis, lectus.', 'data:image/png;base64,iVBORw0KGgoAAAANSUhEUgAAABAAAAAQCAYAAAAf8/9hAAAABGdBTUEAAK/INwWK6QAAABl0RVh0U29mdHdhcmUAQWRvYmUgSW1hZ2VSZWFkeXHJZTwAAAK4SURBVDjLfVPtT9JRFPbfKNssUVQUSgH5AYriTNcU3xey+YIUaqilYr6ks/INWQjmJMv5EigmCJGomeg07YNttWrl6kMf2/rQ1qZWk7ny6fdzZaLS2c7OfXbvec55zr3XD4CfL4+bFSBumi+m1rEPeVkx9uitg2e8gHheSNuPRS4CsU6eS6VPCxRauUrBGGfzvwTxVMUZfs1fHOPgeYS26K/F15MsGR2CLcEgeye3Sqj1SSCaItZjJwnPbst2YkMwzgXfwgHfxEHzSjVWPjlRryuERBl19UgCUqc4ZiIaIiuxnmI/C8faEJ58GIX+WTuYhlAUzqbD9rwPkV0ROKMNB6udQVadJDZInXvaSZ07cRY+xl91o21OgUZXLmpdcoj6CDC1YVCMSpGYQf+41wGpc5vUCcEDrllkIb6cd2TA8rILN2YKoHakI38kATJbJqwv+mFc0oPVGgahLNjpJYE/ylklTGwQQ2zYX/eieToP1fY05JvEkI6l4e5yO9TjUtxb7ACzmQFGA/17WG1whdcMiAG2R2bNgm6hApU2CfKGE5BjTsWdpVZUjGTiwmAySaAFo46OUHXQTkglDfTywH8D5BmjfpQ6FLi9WIf8+4nIHk6BbroeKnMaFAPJuDaixGWjDMX6dMja4r+dq2c10YpPNu0RCHq4migdEy0zdcgZkkA31QCVSQJ5fxJqh4twc6II02tGvPnshmFeBamBCV7ZMZ3XNbI1p5dpNScx+LQXLc5ylJBEbY8qUdCZhMl33Zh83wPKdAtKGBZKKIKtQ++f1chYZjUwcMVUCrW5DKwqBlIbI/F4bQD7zfXWSBEc/YnC1XRTSEXgz6BLp0DqBFHu/+uWWwGNW76brJmT++7goAcWBaxGKP2RrQtFl/vibmUqUvjQDHx5gOzEdoTiuIdM2KTa/hM7qb3flzV5wwl+LjkAAAAASUVORK5CYII=');
insert into Categorias (idCategoria, nombreCategoria, descripcion, imagen) values (8, 'Industrial', 'Aliquam quis turpis eget elit sodales scelerisque. Mauris sit amet eros. Suspendisse accumsan tortor quis turpis.', 'data:image/png;base64,iVBORw0KGgoAAAANSUhEUgAAABAAAAAQCAYAAAAf8/9hAAAABGdBTUEAAK/INwWK6QAAABl0RVh0U29mdHdhcmUAQWRvYmUgSW1hZ2VSZWFkeXHJZTwAAAKtSURBVDjLpZPrT5JRHMfdetn/4evet3QrhGayZathrbwNppMU8ckFONEhoiGFeMNL4o3yBoi37lQQ89rYypaLIitTQVSUWKC9+Haeg5P5svXi+5zf7/t8f59zzrM9SQCS/kf0MeAKKfudodWe19vofhlE54sg2p4F0Px4A43T69BN/ET92A+oLd9QPexD5YMvUAx4F44Afc6dYCT6B/+iW73LsSOA6dUWNWEWAQNCoDcXMN0AOrKAtstAIx9o4AHqs0DVGZqVdH3AEaDLETwEkGGHHHheDjyVAk+KgclCwJ4HjF4DBgms8jTNFhnfJQDt5L7HTtCfD/SRoZ4coPs60EmG2wVAKwG0XKJZYbMnAWghH4s1H74JsCaG3X66jszEe8tsvLfPxdfgXhQ5+sUEQD+1hvDvAzpgYTW7CetsALb5AOxEUvtNlIwVodhaiOm3fnzdCOOqdi4B0I2vYo8AbPOb8Z0O18nF+AmYcQla39+DZExM+89re7iimUkA6mzfsRs5wMTiJmwzq2CaS6GuV8NkMqFGcweMWQJmVIKKGgX1tFodsuVdSElJOUkBqpEVhH7tY2phnQYMBgP8fj98Ph+cTifqG/QwtnfC6/VSz+1200xGRoaWApRDPgpo7JnAbZkCnqUl5DO5JHABIpEITU1NkMvltObz+VDXaiiEYZhdClCYP2GHAMoq6qDRaCggFoshjcuDw+GAx+OBy+WC1WoFj3cega0wBahUqigFlPctYzscw/1eMySSUgqQVSjB4XDA5XKRmZlJxdYcThqUVdUUUFBQEKKAMtNHd0nHUiRb/QgXs/KgvWuAecgCm80Go9EIqVQKmUxGa9YzD1qg1ekPyHWWj/2aycnJJ1JTU0+lp6evCIXCiFgsjhLtCwSCbKJzpA6zHvuOzbDZv+ti+O9p0FSiAAAAAElFTkSuQmCC');
insert into Categorias (idCategoria, nombreCategoria, descripcion, imagen) values (9, 'Baby', 'In sagittis dui vel nisl. Duis ac nibh. Fusce lacus purus, aliquet at, feugiat non, pretium quis, lectus.

Suspendisse potenti. In eleifend quam a odio. In hac habitasse platea dictumst.', 'data:image/png;base64,iVBORw0KGgoAAAANSUhEUgAAABAAAAAQCAYAAAAf8/9hAAAABGdBTUEAAK/INwWK6QAAABl0RVh0U29mdHdhcmUAQWRvYmUgSW1hZ2VSZWFkeXHJZTwAAADdSURBVDjLY/j//z8DJZhhmBvw41KQ07dzbk5kG/Dtgu/Jb2fsT5JkwI+bqZw/rsfYA21v+XE97f+PS5H/vx5Ra/98QN7+824ZTiIMSJr580bW/x+3iv//etD9/+fdpv/fzwX+/3LY6P/n7TIzCRtwPYYZaPvGH7dKgAb0AA1o/v/tQsh/oO0bP26TZiYqDIB+1/1+wef/z3vN/3/erPr/5aAOyHZdogMRGPIe38/7gvz+Gej3z18OG/8H2u5BvAFn7GO/Htdv/3pAQejzXjkhoO3tH7dIxY7EpEwMBgAr6O5Q8udliwAAAABJRU5ErkJggg==');
insert into Categorias (idCategoria, nombreCategoria, descripcion, imagen) values (10, 'Games', 'Aenean lectus. Pellentesque eget nunc. Donec quis orci eget orci vehicula condimentum.', 'data:image/png;base64,iVBORw0KGgoAAAANSUhEUgAAABAAAAAQCAYAAAAf8/9hAAAABGdBTUEAAK/INwWK6QAAABl0RVh0U29mdHdhcmUAQWRvYmUgSW1hZ2VSZWFkeXHJZTwAAAFoSURBVDjL1ZMxSBxREIa/WdecLssuRFRUiGkiNmKbaGlhY2UjooVoaZVAiqQTLFUQYi2Wkso2tZ2NioXtqQiKuO557u3u896kMAdecEG4yqlm3sx8vJ+ZEVWlFXNo0VoGuM+Dn7/+rAeeNxfVtENEECFUS9zIi1iytLa98W3y64uAwPfml6aGuz3Pl2fPYcOpZoat34cLwMuAOKHkeb6cXlbYL38nDG5IcsPZdRdj/at8Hh5ApE0KJYgQPAKP1uL713S2v8eSYd+VuYoSrFpENCgEqFJRJbxPcqI0pa4PVE3GbZISkYEKqlQKAf8g3KeW8uUnbOmEqkm4iwYZ6i29YoxCYC3c1eqM9v5gMe5h4tBh4uMaruuigIgUS0AVQTm+WMYYw0Gek/e1k5/MYIxhdvyA/xfXbf6OPdd6/mFleo+nOm1qMMaAalwISJJ0d3P36IvFGXEcQSBUiGlAxPJQre00qX77x/QXu32e+E+qGcwAAAAASUVORK5CYII=');
insert into Categorias (idCategoria, nombreCategoria, descripcion, imagen) values (11, 'Electronics', 'In hac habitasse platea dictumst. Etiam faucibus cursus urna. Ut tellus.

Nulla ut erat id mauris vulputate elementum. Nullam varius. Nulla facilisi.', 'data:image/png;base64,iVBORw0KGgoAAAANSUhEUgAAABAAAAAQCAYAAAAf8/9hAAAABGdBTUEAAK/INwWK6QAAABl0RVh0U29mdHdhcmUAQWRvYmUgSW1hZ2VSZWFkeXHJZTwAAAL+SURBVBgZXcHPbxRlHMDhz3femdkunZ3Zdrublgptg7W0aig28SAYk8aDUuNFjkRvhBMHNfwL3vGgQcWEGGJiTCQxgjFoECTUqG1AKZj+MqUUum1xdmdnZ3dm9tW1TTQ+jxw5+vLlQqkwqZTiv4T/E4RtAiRpi431jW/NQqkwefb0x4ghJK2YfwmCRiO0hXEACFob6JZGk/L2qbcmTaUUKQkSn6f2zQxdl0PKp/bSmXO4e/c6c7Uz3C/75HIuDzd9lGlRqUW8cURjmQqDHb6/iT9qUwkCwku3CYI1giBAGjM06lXqYZVmPaBeD0iiGiItQDCFbZ5XBB2z62Q3vPMLmdd6KPXtJhsvUE+GyeVz2MrAtGyCMEKkAQgm/xB83ycIqlDKEnUlOJ/Nw3MtdHiVuHGYsGpQbF7hQOUiynma2oUr7Hc7MNnheSXQMXnPxT8xRtf7myQv9JHpabC3uUlB/cqAeZtszzG8oYP8uTTCMxtnMUFoi6IGtSBERFPtTFFPQHRuEf16gXz9DMN9wzj9h9hamMOWJjm3l+6exzCFbdlsHset4bkubdaxQbJvXkNVFaO9Q3hDL9JY+xR7l/DH7B2SluKTuRhD2Fb1awRBA79S46fVB5xfWOLmwS2ypou3b4ro/geI9QjLydERLmNPTFGJFQYiCODme6Ejz2yYsNy0KFYfMXZoHO/xV4lW38OwYpqVQcrfTXPPKGIUB2gz+ZvWmumVJWZW7+A4Oax784w4g5SenKL54EOUrYn8Ada/v8GP+0Ypd3YwZWdoMwUIkxrlNCZjO9iLK4xnR0haJdZuvUtXySba2sPG9Z+58dQE2uuis9kArWkzQBAxyOHiSA5rfpmxw8fJrFzj9ws/MPv1Fje/uoq7uBvD7MTGwsYijRMEMJMkJU1T+rvH6S/A5x+do/nblwwdeB6/vMnKrXn2nzyNld3DhIpRHTbKUKStlCRNkVeOTl0slnpeUpYJCJXZLxgfLPLs6CDlljC9XiDUGdqEHQJJklJ+WL70F3VJO/3fH/GfAAAAAElFTkSuQmCC');
insert into Categorias (idCategoria, nombreCategoria, descripcion, imagen) values (12, 'Grocery', 'Sed sagittis. Nam congue, risus semper porta volutpat, quam pede lobortis ligula, sit amet eleifend pede libero quis orci. Nullam molestie nibh in lectus.', 'data:image/png;base64,iVBORw0KGgoAAAANSUhEUgAAABAAAAAQCAYAAAAf8/9hAAAABGdBTUEAAK/INwWK6QAAABl0RVh0U29mdHdhcmUAQWRvYmUgSW1hZ2VSZWFkeXHJZTwAAAEwSURBVDjLpZMxSkNBFEXPD2IhVmKlS8gGXIBdsHQRkt5dWGYfFmYXtsHaQkTQRlDIzHv3WsyPIfiDSh4MU8zlzJ375nW22aX2fhPc3D1v3JA21xcn3Z8BAKdH+9hgm8fXMuzg9v7TBpRgwIbLs4MOQDYSWCarhgEpOD4cIcCCl/cmzDRKkEzKlNgCsCHddhlWugiRaVIiE+oyhwGRNJs9IHtdTTeITOZPByOA6XRq9Q5C6zWZTFyLqSFqiAhRqhiPx94AzGazbuWgLaMU8/m8KyWJFFlFDVOLWCwWP9sYakHKbhn0Tyghovr7CXVbiJki1a0z6E3WZbMvNU0t3hKi4ektyb4jqx9eQkQay62V3gK4Oj/shn5hrUmGkVcQ/W8WIszD4weyBs+7XadxxI71BUieEw+8ru7iAAAAAElFTkSuQmCC');
insert into Categorias (idCategoria, nombreCategoria, descripcion, imagen) values (13, 'Games', 'Aenean fermentum. Donec ut mauris eget massa tempor convallis. Nulla neque libero, convallis eget, eleifend luctus, ultricies eu, nibh.

Quisque id justo sit amet sapien dignissim vestibulum. Vestibulum ante ipsum primis in faucibus orci luctus et ultrices posuere cubilia Curae; Nulla dapibus dolor vel est. Donec odio justo, sollicitudin ut, suscipit a, feugiat et, eros.', 'data:image/png;base64,iVBORw0KGgoAAAANSUhEUgAAABAAAAAQCAYAAAAf8/9hAAAABGdBTUEAAK/INwWK6QAAABl0RVh0U29mdHdhcmUAQWRvYmUgSW1hZ2VSZWFkeXHJZTwAAAIsSURBVDjLnZPNi1JhFMbvKtoHBa1atgmCtv0VrVq0aCkGCn6mYH47ip8IflAKhibpRke00BnnKiKoiKA7qSkF08FvvToak/f0ngu2qBYzXngu3Jf3+b3nPee5VCAQcPj9/ucAQB0iyufzPXS73Wd2u/3RQQB8Wa1Wiclkqms0mrsHAQwGwy21Wn2qUCjOxGLxHVyrVCpHpVKJpWmazeVy20wmQyeTyaf/BaAKhcIrkUh04XA4vhSLxTIxX5IHULMCDd+PkxCLxbaRSETxD6DVamUbjcavWq22LZfLMBqNgGEYuJgs4TxbhG9PHnManuQgGAyypOnv/wCazaat2+1yJ735pOCMy+USBuMFvPzIwosPAMW3xzDwemA+HHL78vk82Gy2Iw5APtZoms/nHGCv2WwGP4Zz6AwWsFgsYLVacUI47jUajTvS9GcUaQ6LgL/Ne3U6HSBVgtPpZFHT6ZSrst1ug1Kp/EolEokdUveGPWAymUA2m4V0Og1kD5AxX1osFo1er2fxGpvNBiQSCVDxeJzp9/tcWWjEcsfjMVSrVUilUth5IEYgo/6Md1apVDSu46FCoRCoaDR6gp1HIwLQ7PV6ezKZbMnj8YBoKZVKUzqd7h4C5HL5bZKVU4FAMOHz+U4qHA6/RiJOAgFIJvFmrp3EUCj0gMyVqdfr0Ov1YL1eg8vl2t0oyh6P5x2JKZAwAQkVNuznjQDkb7xPgnFuNpuvyHyvtFpt+bqA3zDZAQQexaeGAAAAAElFTkSuQmCC');
insert into Categorias (idCategoria, nombreCategoria, descripcion, imagen) values (14, 'Garden', 'In sagittis dui vel nisl. Duis ac nibh. Fusce lacus purus, aliquet at, feugiat non, pretium quis, lectus.', 'data:image/png;base64,iVBORw0KGgoAAAANSUhEUgAAABAAAAAQCAQAAAC1+jfqAAAABGdBTUEAAK/INwWK6QAAABl0RVh0U29mdHdhcmUAQWRvYmUgSW1hZ2VSZWFkeXHJZTwAAACjSURBVCjPY/jPgB8yEKmgPKH8ffn/0n4IL3F99P+QAjQTyveX/IexIwWCz2NYUbw/7z/CYK/9GApy92cgKXDEVJC+PxFJgQWmgoT9kUgK9DEVROwPRFKghqnAv9/7v2MAhK3iINePocBNwf69xXlDhf8Myg4y58UUsISkmYL+fI39ivul+0UMSA/q/wza/1X+y/0X/y/0n+c/+3/m/6SbgAsCAM8i/W7eee6fAAAAAElFTkSuQmCC');
insert into Categorias (idCategoria, nombreCategoria, descripcion, imagen) values (15, 'Movies', 'Sed ante. Vivamus tortor. Duis mattis egestas metus.', 'data:image/png;base64,iVBORw0KGgoAAAANSUhEUgAAABAAAAAQCAYAAAAf8/9hAAAABGdBTUEAAK/INwWK6QAAABl0RVh0U29mdHdhcmUAQWRvYmUgSW1hZ2VSZWFkeXHJZTwAAAJFSURBVDjLpZNNSFRRFMd/986dUaeZIS370BRbCKbgpiwIKYhWfSwKgqhNQau2bTOodq6CFkWbqBYtgmAIg7CgxL0iaBYZSYIfYfP9nHffe/e0mElrMW26m3s55/z+58/hHiUi/M8xjRLuprqiE9zFsQ0NNNerdRy0gzCquHlGVEMHd9QKx27tpucEeKtQ+gRhGUwCdAz8Ary/t9rQAY4kmQ5IdUDnIfCPw8IbWBwHBHb0gCXZWCBBiM3B/Guw67BvCAYvQ7IVpp6B50GZ0HweG5puzvT3K6X/oIXOmInpTA/0noXiMnx8AaXvcPA6rC3C2iwUwSjRfV3Dj+NKKZAajFIwlYXiLEzOQO9pOHoD3t2GuSwMXoC3C5AHQyhVnG3yVx4Q2RjoDEqlaQFoaoX2AVicAOdg4BJ8uA99pyC1t+aAQGlxlsgmECfY3Cze8heCeDduOovoMSTYgLkssVQbUi1gXl2ke8958DAGJc0u3MB6ILZCUBbah0dJBD5kusFFEFmIIkikAMW352dgaRwMniHQmJZdbD9wDXAgguDwZq6iKkuIjtVm4wQcJPc/gkIBXj5ZcoYRQyAiURXnzSBRAYlKSJhHtx9B2vpQYb4eLyJRBenoIkglhAnp0oDBR8SFuOAHEhZqxWG+/s4hYbEO1wVcFRTh1i5YEUWEhD/rYL3jpljpb1iqELL5/41Ylwu99WRQTqRxaS0SB5cG2YlEPmARXbuVjoj8soh1/pZA1R/9+vDcYYSTKNL/3F0B1KTFydPfoV+5q0ZcY8+j5QAAAABJRU5ErkJggg==');
insert into Categorias (idCategoria, nombreCategoria, descripcion, imagen) values (16, 'Shoes', 'Pellentesque at nulla. Suspendisse potenti. Cras in purus eu magna vulputate luctus.', 'data:image/png;base64,iVBORw0KGgoAAAANSUhEUgAAABAAAAAQCAYAAAAf8/9hAAAABGdBTUEAAK/INwWK6QAAABl0RVh0U29mdHdhcmUAQWRvYmUgSW1hZ2VSZWFkeXHJZTwAAAHESURBVDjLY/j//z8DJRjO8F3q3d9ypOF/9b7y9x7zXAXQFTpPcaiv2VX+v2Bzznv7HlsFDAM857sJFOzIuT/hRO//wMW+81E0T3JQAGls29f8377Lph6rC0DYfZZLQOfh1v9tB5v/u0x1coCJB8zzW9+xv/1/xOKw8zi9AMPBSwPX9xzu+h+/KhqsGOjcgMZddf+rt1X+t26xNCBoAMS5eUDntvx3meDYn7Qy7n7rrsb/9h22/XgDERkDbS1o2d3wv31vy//+A73/S9YXvbesNRcg2gAQLtlU8H/KoUn/e/d1/89YnnafYDSC/T8vcH/ppqL/xRsK/tdvr/0/6cCE/9MPTf3fsr35f/byjP9Zy9L/5y3PeYnTgIBJ/g1+E3wbfPu8G5IWJR7o39v3v3h1wfvIuZEHnJudGhwbHBrs6+0aiPKCe4dbQ/XGqv/Ji5KeOzY6NBDlBd8pPvtzVmb9z16Z8b9hc/3/CXv7//fv7vtfu6Hqf8r8pP9J8xP/A124D6cBbm1uDa6tLg0g54bNDD3Qs6v7f/ayjM9BUwIPWFdaNViWWzZYlJsT5wW7WtuGnGXZ/8Nnht23rLAkzgsU5UZyMQAcp633iiwCvgAAAABJRU5ErkJggg==');
insert into Categorias (idCategoria, nombreCategoria, descripcion, imagen) values (17, 'Music', 'Curabitur gravida nisi at nibh. In hac habitasse platea dictumst. Aliquam augue quam, sollicitudin vitae, consectetuer eget, rutrum at, lorem.

Integer tincidunt ante vel ipsum. Praesent blandit lacinia erat. Vestibulum sed magna at nunc commodo placerat.', 'data:image/png;base64,iVBORw0KGgoAAAANSUhEUgAAABAAAAAQCAYAAAAf8/9hAAAABGdBTUEAAK/INwWK6QAAABl0RVh0U29mdHdhcmUAQWRvYmUgSW1hZ2VSZWFkeXHJZTwAAAJtSURBVDjLjZPLa1NREIe/m1dr1aY22tb4qEkEX4hYaKG+7UIFS5auBOlG6bbgHyC4EHEhKCjiVhBcaVWsBSVgikLF2iqxPqI1llrTxiba9N6Tc+64CAaDFRw4DDNwvt/MOTOICP9zpjo7ZbG8h/+0/p6eRfOWiFSCVColxhi01vz2Wmuy2SzJZJJwOEwsFiMej1u/7/j+pJVKJaLRKAB/gkWErq4uRISBgYGqCqoAWmsAHo+XOzMCxgVXXIyBI1s1juP8G6CUQkRoa/m+6EOq7Cgd3vu8v5OR+ZkElj15YlHA0y8rcMVFu+UKtIFmfY+dnhe0bD9OMLKTuY+bePPw+vm/AADtq2eqlK1CgqB/gqX1u8l9SBGwFMvrW1gWWh+sAjiOg4iQ+NSIEUG7ENJD7A+nCUYO40zdJFBnMTHyhpKtZu2Fn7uqAHkzh4iwZ122rF54RqNvjGAsjj15FU9A41/WSm1xbLr403ekvW/wbWWQTj/t3fC6YRgRwXVd7t84w1L9kuDGOPbkFTz+EqqwgczjZ6gfxe62vsGRql9wXTfi8XtJ5ceo+/yOg+2raNp2FPX1Ot6AYOdb+fbkOdeCIT54fev7YRgoj3Jf8lQ9xnoU8q9kKHGZgJ3GsI6psUu42Mzn1jA99IoLfi8NzTG0MhcOXezaXgEYbXodpeRddpzW6Rxb95ykJvOEt7eTjAzkeNGf5IG7mYJaQq4wg9Y6bLR7ttKCuVV7DsACxtU06vVdIjv2ks/Okh5OMVp3gMLXIo1WE7OZ76xVrTU1qjb+1zIBHNvXuNAWbfZ1bIkgfmdo4Vu2p/vcaPpfW/oLvSN/oHdKKLQAAAAASUVORK5CYII=');
insert into Categorias (idCategoria, nombreCategoria, descripcion, imagen) values (18, 'Automotive', 'Proin leo odio, porttitor id, consequat in, consequat ut, nulla. Sed accumsan felis. Ut at dolor quis odio consequat varius.', 'data:image/png;base64,iVBORw0KGgoAAAANSUhEUgAAABAAAAAQCAYAAAAf8/9hAAAABGdBTUEAAK/INwWK6QAAABl0RVh0U29mdHdhcmUAQWRvYmUgSW1hZ2VSZWFkeXHJZTwAAAHtSURBVDjLpVPJqiJBEHwf1f/UH+DydBTtLxBRUAS9eFH04MGTINIHUQQRt3I5eHBfW20XFBVzKgq75TGPNwxTEFSTXREZmVn1QUQf/4M/Av1+X+r1ekq321U7nY7GGNNarZbabDaVer0u/SjAyTIns/V6TefzmR6Ph8DpdKLFYkG1Wo1Vq1X5W4EXWb9er4SF/XA4kK7rdLlcRAyilUpFL5fL8heBl21mkHe7HW23W1ouV7Tf72mz2RBcGSKqqrJCoSCZArxexThgkEejMbndbrLb7S+xpQDWYDCgbDarmAK8WSqUYVXTNJrNZoJos9nJ6fzFd5uIow/oBwTT6bRqCrTbbQ3Ngl0c/Px0CDKIgMPhJKvVKsqAi9vtRolEQjMF+JiEAOzj0Gq1Mi0jKxxNp1MBw0U8Hn8LNBoNFR1HGSAhKzICFotFwOVy0WQyEZMZDocUi8XeJfD5Kvj5fD5FBq/XS4qikMfjMXfERqMR3e93KpVKFIlE3k3kc5WKxSJDD7AMuxAdj8eCiKxIgG9OZhzSl4uUz+flXC6nY+Y4eDwehZv5fC4uEzJDhBP1YDAof3uVM5mMnEqlGC9JNA49Qc2YO788xInM7/fLPz6mZDIpRaNRJRwOq6FQSAsEAhonqT6fT+Hf0l9f47/iN5+1McdPrPQwAAAAAElFTkSuQmCC');
insert into Categorias (idCategoria, nombreCategoria, descripcion, imagen) values (19, 'Books', 'Phasellus sit amet erat. Nulla tempus. Vivamus in felis eu sapien cursus vestibulum.

Proin eu mi. Nulla ac enim. In tempor, turpis nec euismod scelerisque, quam turpis adipiscing lorem, vitae mattis nibh ligula nec sem.', 'data:image/png;base64,iVBORw0KGgoAAAANSUhEUgAAABAAAAAQCAQAAAC1+jfqAAAABGdBTUEAAK/INwWK6QAAABl0RVh0U29mdHdhcmUAQWRvYmUgSW1hZ2VSZWFkeXHJZTwAAAB+SURBVCjPpVHbCYAwDLyIIzmEX07hCH64nAOIuo1Sq+CZ1ueXVsyRBJrc5aBCPEeEvwuxK9XtDn0Si/ZU9gUg2Z/dYEuiuxSI5mRtwyuEIR5KOpVZYRUjjMLVVkIVCk6YPPdg1/LNQ87xdtl4JauaQ7CHjAfXeK5FH+7h9bNWB/9J3PASf8kAAAAASUVORK5CYII=');
insert into Categorias (idCategoria, nombreCategoria, descripcion, imagen) values (20, 'Music', 'Morbi non lectus. Aliquam sit amet diam in magna bibendum imperdiet. Nullam orci pede, venenatis non, sodales sed, tincidunt eu, felis.', 'data:image/png;base64,iVBORw0KGgoAAAANSUhEUgAAABAAAAAQCAYAAAAf8/9hAAAABGdBTUEAAK/INwWK6QAAABl0RVh0U29mdHdhcmUAQWRvYmUgSW1hZ2VSZWFkeXHJZTwAAAJBSURBVDjLhdKxa5NBGMfx713yvkmbJnaoFiSF4mJTh06Kg4OgiyCCRXCof4YIdXdxFhQVHPo3OFSoUx0FySQttaVKYq2NbdO8ed/L3fM4JG3tYPvAcfBw9+HHPWdUlf/V0tLSqKo+EpEHInJFRIohhDUR+RBCeDM7O7ua55QSkRfVanVufHyckZERrLV0Op2Zra2tmXq9fg+YsmcAdyYnJykUCke9OI6ZmJgghHAZ4KwE3ntPs9mkVCohIjQaDWq1GiEEAM5KoHEcY62lVCrRarUoFotUKpUjIL/y/uqXYmV62ph/LSVrr30P4bEFcM4B0Ov1jk547/uAUTs1ceNdZIwB7V/GGHz6+9LXxY96eDiEgHMOY8xJAK8p4grZz5cElwNbwZgyxYu3EFM01lriOCZJEqIoIooiALIsGwA9Y1UcwcWoKNLdpLu9zvbnBWqNBhuvn5EDUmB0EH/1E2TZw5U+YLQovkun+Ytsaw1xCbnCOap334LC7s4Oe/ttvA+ICLmhMXRxDufczUECS37oAuevPwUEVFFp4/eXkXSdYc2IopSepnjtUh5/wg9gfn6+OQBUNaRIUkfDHhraSLoBKqikIF3yHJDLHaAkFOLciVHnyVAVj/S2Ub/XRyQD9aAZKgkaOohvo6ENgykcA07VEFDfQv1uf4W9Y8y30bCPhg4qKZJtMnjTPqBO/vhkZ7h3EJeRslWNQMqgY2jIAIfa/m5sIKSpqpPsGEiz599e3b+GchtD+bSvjQJm2SG6cNj6C+QmaxAek5tyAAAAAElFTkSuQmCC');
insert into Categorias (idCategoria, nombreCategoria, descripcion, imagen) values (21, 'Jewelery', 'Proin interdum mauris non ligula pellentesque ultrices. Phasellus id sapien in sapien iaculis congue. Vivamus metus arcu, adipiscing molestie, hendrerit at, vulputate vitae, nisl.', 'data:image/png;base64,iVBORw0KGgoAAAANSUhEUgAAABAAAAAQCAYAAAAf8/9hAAAABGdBTUEAAK/INwWK6QAAABl0RVh0U29mdHdhcmUAQWRvYmUgSW1hZ2VSZWFkeXHJZTwAAAINSURBVDjLpZPNS1VhEIefc7wXTNQopKTM4IKRaB+GliQtKgpau3NjRcsIzEW1EQIR2kRUUP9AtHFhi4rAqKBCUDOEkDIQPzIIWpjX7jnvO+9Mi3uvUBAIDgzMDDMP/JiZyMzYjMVs0jYNyDDc9h8NCl5BPIiCdyChWAuAM0ghA0BTzz+z+rcHhRCKsQ+lWODN4xIAYHUZVLFQahDBgoAXTHwx9x4TAfFkd+yHgpUBBmbQfoMoW4N9fIiFQHzoEkiB8LyP+Nwdomwl8uoWtjgF3pcAIkVtppCtxcZuEnUOEIUUnXgAQYmPXqb/WQ/5NM/dg/3E85PrgBjviwA1iDNQvRdUsJUl4uPXidsuorMvSILQUNfM+fFBnAqIQGpkKCRFfapEQNTai319St/UfUwdzgJOhF3bmmiuP8Zqskb30hgjfjdbUiNDWqKpgnp08h5xx1Vk8jZnWnoJpgQNKMbyyiIHGrrIuwInF0YY1SoyFAxSDyg6egVECE8ukIgjmDL/cxavgqjHB8+vdJXDe06Q97/pOPK2BPCeKFQSlVcYAokkSBB21jYiGgimfF9ZYHt1PR8W3zEzN87w9FYiu1ZveFu/LIKBg+6uahLncOpIxJGra6Ezd5aJhfdMfxrl0UwN+5IKoo1+Y+tgvNbeeKrq9ZeX35xyennIPgMbB+QGorWgFVUFDbkfQzZXrv8BKB9RM6Fzq8AAAAAASUVORK5CYII=');
insert into Categorias (idCategoria, nombreCategoria, descripcion, imagen) values (22, 'Toys', 'Fusce consequat. Nulla nisl. Nunc nisl.', 'data:image/png;base64,iVBORw0KGgoAAAANSUhEUgAAABAAAAAQCAYAAAAf8/9hAAAABGdBTUEAAK/INwWK6QAAABl0RVh0U29mdHdhcmUAQWRvYmUgSW1hZ2VSZWFkeXHJZTwAAAJ/SURBVDjLpZNfSFNRHMe/293umptu01GJMF1WQ5dRQgVl0UthYNHDiAQhChF6bdBLrz1Erz3Ug7CewqeoF0XzZVialnaXSHOYM2Ko6Szn3P2ze+/pnDMdodZLFw7n3nPP9/P7/n6/cyyEEPzPY9u5MDU1FdN1vatYLNroDDrzoWkam/sikUjnnoBEIuGhgl6v1xtxOCqgUhFME9wfdenzeTE4OHCTfu0GSJLUzsR+v7/O5XIhvZABi26aBCYxKYjAoDBVVfdOgW4eCAQCfEGWFRSpeDoxSQFmeVy6fIWnsSeA5SiKInK5XCmyYaA5fIJHJ1vRWbGrhRRmX3QSwd2CzdU4LErmFgcwskFFbBNrCrOekD7Q2eDR2b/AxSqcb7TD6e+CJ3gSv9IhJId6H5cdlGpF+GYGCLe08ujMRaUxAb9rCe7ac1j7+gWiRUNl1UG4awKesoNtAIfQyEzM353DCPkIvMF2qIt9ECss+CYlUVS0rCLnz5YBZbFRKhoDOPUEWmp1eBqvQck8g1XUYXfXY19hermQt7WfuvcmxQGsPdsnkllmKZDsKI4eWYfn8HUqfgqrXYeWC2IlPrZhyIWO1ui4VO4Cc8C6IAhCKe/V92io+Yn94avQlnohiATKej0W4+O08oXjoej4wnYbrVsOJkZGRpDP57GRjqPBR9tJ6rA4/QQmFGyu1WF5dAbPZwMIRccW/jwHHNDd3X1mbm6uo7+/fzKTfInmth44vr9F6vU7SINrmBn6CGfbA2Rl666DZNl5Gx/2HNPv37krwGpAGn6F+XQan8Q2ZFUHa3EyFos1/RNw40K13HrogO10UxDEro7KP1Zudzz6PP+36/wbU7aHpoSFkuUAAAAASUVORK5CYII=');
insert into Categorias (idCategoria, nombreCategoria, descripcion, imagen) values (23, 'Health', 'Duis bibendum, felis sed interdum venenatis, turpis enim blandit mi, in porttitor pede justo eu massa. Donec dapibus. Duis at velit eu est congue elementum.

In hac habitasse platea dictumst. Morbi vestibulum, velit id pretium iaculis, diam erat fermentum justo, nec condimentum neque sapien placerat ante. Nulla justo.', 'data:image/png;base64,iVBORw0KGgoAAAANSUhEUgAAABAAAAAQCAYAAAAf8/9hAAAABGdBTUEAAK/INwWK6QAAABl0RVh0U29mdHdhcmUAQWRvYmUgSW1hZ2VSZWFkeXHJZTwAAAJKSURBVBgZpcFdaI1xHMDx73POs7NzbMO25qXFGikRkmQXLuQlL3GpuHDhwkuSC1dKaQp37pTszhWFFJFGLG1cuDG1cyHKsnm3tXP2nGf/5//7/36myI2i9vlEZsZM5JihHDMUn7351fgLUcV7xYngPaRipE5wXkgzI/FKmgox0zYsK/GHIWqEYIgaEgwvhlfFe8OL4oOSidLz+DMxv1RqQlAQNSQoWTC8KF6MTBQngcwbTpTMKy2NMemkEDNtx5pGegerbFnVyEQtcP3ZOHu7mikVIoxpBoPDNfrKExzcNB8nytW+L2jqyTkRak5pbsyjCvV1OdIsUCpEXLz7kQjovvGejrYCK9pLtLcW6JxXJPWKJkIuccLzNwnrl87i9otxinURh7e2EecjJl3AgMQFVGHj8tn8VJ0KOB+wJJCbTI3NK5p4MlRh2+rZ1Jxy/tYozhvJVMAMkqlA5eEVysdXM7CzyNCRZSwt96AuI55IM3wwnpYrrFvSgBlMOsHMSFwAg5XD17CRR3TtP0R950rSV700DTxk0GpEW86Vbc/aZkbGHJlXnCjOG5koTpRMlAP9u9h99ASlt30w2g9z5vIt7uDBg9fElaqQZoGmYp6sLqLoI3y9IRLhJYdXoyX5QHFBJ+w6yW9x90IW8J14LPVcuj+KeUOdYplgXjEXIFMsKFsLLdRe3qPhzjFc+okaUK3k+Ra1EpkZ/9K/r7270NRwelGrxHFuhOpX4d3nfPBTdiYyM/7HwL7Fp5KxD0fyIeoIeRs1uLy9Vy78AKt+cH41HYv2AAAAAElFTkSuQmCC');
insert into Categorias (idCategoria, nombreCategoria, descripcion, imagen) values (24, 'Baby', 'Sed sagittis. Nam congue, risus semper porta volutpat, quam pede lobortis ligula, sit amet eleifend pede libero quis orci. Nullam molestie nibh in lectus.', 'data:image/png;base64,iVBORw0KGgoAAAANSUhEUgAAABAAAAAQCAYAAAAf8/9hAAAABGdBTUEAAK/INwWK6QAAABl0RVh0U29mdHdhcmUAQWRvYmUgSW1hZ2VSZWFkeXHJZTwAAAHtSURBVDjLY/j//z8DJZiBKgY49drM9J3idhLEtu+xjvea4nLNqsVspnWr2S6QmF6+Zol2ltpq5QSlmcpxijMxDABp9pjkuMuu28rIpsMi3rLZFKzIus38mm6OuqRxpf41nC5w7rOJd+i1ngnUXGLTbj7Tsskk3rbL8ppZreEu7Ry1mWpJSvHK8Uoz0TWK5U/nYIg8y8rgPsl+l12P1WqgbTPdJtk/AtoWb1CkBdagnqyyWilawVM/Rw/FBQyx540ZGm/eYIg8P43BdYLdSZiEcYXeTJB/TaoNroH8q5OldVIhXE5SKUqhXSNRfZdKvPKVkOrED+L9d/8wN998w+B4XIL40I48K8FQf/O6+7In/7mbb35hsD2qjBKNDLU3ExjKb7pi1Rx61ke89+6fwBVP/jPXXn/HYHlYGiMdMJTe1JJc/PgHQ/X1xQyplznBYuFnmRiiz062nPfof8DSJ/8ZSq8/ZzA9KIEzIQE1Vvuuf/6fufv2M4bgsz4MxVdPui8Cal4C1Jx/+RGDPqpmTANiz7MAvXI+bO2L/5ZzHvzP2Pjif8DCx/8ZMi/fY9DcL0FUUmbwPKkg3Hr7T+WOV//95j/8z5B6/jaD6l4JkvIC0J9FTtPu/2dIPn+PQXG3BFmZiUFzbweDLH7NVMmNAOGld33BRiNUAAAAAElFTkSuQmCC');
insert into Categorias (idCategoria, nombreCategoria, descripcion, imagen) values (25, 'Electronics', 'Sed ante. Vivamus tortor. Duis mattis egestas metus.', 'data:image/png;base64,iVBORw0KGgoAAAANSUhEUgAAABAAAAAQCAYAAAAf8/9hAAAABGdBTUEAAK/INwWK6QAAABl0RVh0U29mdHdhcmUAQWRvYmUgSW1hZ2VSZWFkeXHJZTwAAAHMSURBVDjL3VK9S0JxFBWChvoHinap4UG6RIsihYMfiTboUFGhPVIbxAJFG5TEKM1U1CWENjEUigiyHBRnicrCwaIlXPqggldRnd6VkNqMti4cfvede875Xd57AgCCv0DwjwIkEkmn2Wxe8Pl8t8lkEm63+8pqtQ7w6OL7GnE0Iw1pfwSIxeJ2lUq1Eg6HUa/XUavVUCgU4PF4LlwuV7FarT4TVyqVQBrSkqcZIBKJRux2+32lUrk1GAx7SqXyzWQyIRKJwOl0gnriaJZKpa5IS57vG6x4vV4uGo2yGo2mQyqVPubzeZTLZRSLRWQyGRBHM9KQljzNAIZhZlmWvYvH4/M6nW5fJpO9yuVyaLXaBqgnjmakIS15mgF9fKnV6vNgMHiXTqdvstksEokEbDYbHA5How9t+mCLjX3MrGlg8Mreh+eYcDNAKBS28Sv2KxSKS6PR+GSxWDgeL3q9foLH0OzixItnawq7pzEcXecQOjBDH2IwYOkOtPStx/3D3PbJOrbPIqAKHJoQOmQpgGspQOUSYe90A99r5zhGAa39bYPWHm41Nw1/brJh9u9P/m4DXrg0GuhFMGds3EwnPbf8Dr5Clnk80Npf5zLxn1E7ljyteCJyAAAAAElFTkSuQmCC');
insert into Categorias (idCategoria, nombreCategoria, descripcion, imagen) values (26, 'Grocery', 'Phasellus sit amet erat. Nulla tempus. Vivamus in felis eu sapien cursus vestibulum.

Proin eu mi. Nulla ac enim. In tempor, turpis nec euismod scelerisque, quam turpis adipiscing lorem, vitae mattis nibh ligula nec sem.', 'data:image/png;base64,iVBORw0KGgoAAAANSUhEUgAAABAAAAAQCAYAAAAf8/9hAAAABGdBTUEAAK/INwWK6QAAABl0RVh0U29mdHdhcmUAQWRvYmUgSW1hZ2VSZWFkeXHJZTwAAAJzSURBVDjLpZNLbxJRFMf7AfwEfA5YunTDTnwk3RlfMWFj4qKpKyfV2EVjhMwAUUyb1gYqCdWgQmqkRToFaRoLBcoUEGiB8hoQpgzPcpxzgREfO2/y39yc/++87p0CgKlJXTKCQpJKklrS9Ejq0Z3iz/hJ4wVJyofrda1954Tx78fZg8ghHwpH+e29GPvGk2JmbFUtxmDsb4CR+aLVm6dCh0muUKmDIHahdz4gajQ7kCtWwbcX5hY3khTGjiFjgBLN4dh3odXuAR6x04eq0AVe0lm7T+4EsQPbgaBgdh4hREkA2BeWjZnHZsduCYo/OlCoDZWvtSFXbcuQjU0fd3+1gO0oEKCys8cMlo2nXO/A1SdeeBcoymbNnAfuGiOkGjyx1CnQNj+DXgSofd+OWOwZS0XTlcdeSR5Y9xchy7ckwBYBVBpdqDd7UKqJsLT2nkUvAqaDBxEeh4UBCMCMqOvzfmCcGdBQW3DHECbVnVRa0Omdw6pljUcvAeyHwgSAAdgrmq893SGZDa5juPzIDbeZISBTbklVdGFp+bUMUH/ZjbI1oQ0NsUcyELOUFStKFUUJ8JkAcLC4mXi2BrTZIregsrgTTCZXgcEASAYN5SbmZEEkQvNNOkza6/YHsPk1CpTpozxExQNrWev2Bji+3pI3gcbEaRPi+aa8TjQnpOz6FyvcLVN8uMbxQ6LfhijHJ69QqJ6RSmpnPVJNuiSS9aE5nq2CzmwVZmnnr4c0+ZQXLAFqxebg/MEEZAp1MhPsOZrmweUNwQK9yM3oP/z9lCc/071Xae3cSxfzzLjM0gYT/1zP8PM6MzurszM3mNi/P9P/fOefb4UIeuRftTUAAAAASUVORK5CYII=');
insert into Categorias (idCategoria, nombreCategoria, descripcion, imagen) values (27, 'Shoes', 'Aenean fermentum. Donec ut mauris eget massa tempor convallis. Nulla neque libero, convallis eget, eleifend luctus, ultricies eu, nibh.

Quisque id justo sit amet sapien dignissim vestibulum. Vestibulum ante ipsum primis in faucibus orci luctus et ultrices posuere cubilia Curae; Nulla dapibus dolor vel est. Donec odio justo, sollicitudin ut, suscipit a, feugiat et, eros.', 'data:image/png;base64,iVBORw0KGgoAAAANSUhEUgAAABAAAAAQCAYAAAAf8/9hAAAABGdBTUEAAK/INwWK6QAAABl0RVh0U29mdHdhcmUAQWRvYmUgSW1hZ2VSZWFkeXHJZTwAAAGeSURBVDjLxVNNS0JRED3qA0MRoqCFouBGN9Yia9HGRa3b9x/6M62jf9CuTS0EV0arXASG0gcUYWIgmvi6792P7sz1WUI7Fw0Mc70z59wz88aYMQbLWBxL2tIEXrN5+mcPWkvrBsZQVNYDSKmglLTZ0J4lwjCER8XZ7OYcSDMxRs/cEdCZSKKoNeUU7u/rjoBMiE8GuKQrcCA1A0XuFK2sZKwC3xE4Zo1UahX5/Dam0yH6/Q4KhV17H+Lu7gKVyiESCQ/dbgPD4QvfSykQlzKcMxP4+fnGJr4seAdPT01MJh8oFve4uNOp20fWQBilQqvAEtBQqE+6IBuPe3h8bML3hyiX95FOr6HXayOT2UCpdIDR6I1r6VF6KK61z5N1ROAkvdBuX+H6+oznksttodE4wevrLbdC8h1GwCMZJF+pgIdSrR6xtCCYWLnrnBuP31GrHfN5MHhgcDRUj3pzbAFarfOFSUf++4tEA3dRwhNCsKRkMv2r+Oe7R7+jvbArNotu/6wC3/Z7yX3TdhkjbDS8eUTi5EoGuLhosX//N34Dm6aVPfzbYjIAAAAASUVORK5CYII=');
insert into Categorias (idCategoria, nombreCategoria, descripcion, imagen) values (28, 'Jewelery', 'Integer tincidunt ante vel ipsum. Praesent blandit lacinia erat. Vestibulum sed magna at nunc commodo placerat.

Praesent blandit. Nam nulla. Integer pede justo, lacinia eget, tincidunt eget, tempus vel, pede.', 'data:image/png;base64,iVBORw0KGgoAAAANSUhEUgAAABAAAAAQCAYAAAAf8/9hAAAABGdBTUEAAK/INwWK6QAAABl0RVh0U29mdHdhcmUAQWRvYmUgSW1hZ2VSZWFkeXHJZTwAAAL5SURBVDjLjZNbSJNhGMd3KdRlN90E1Z0URVfShYKKic7ChFRKyHRNp3lAgq1ppeam5nFuno+JJ8ylzNMSRec3LdFNm7rKPuemznm2nMfl/n3fBw6tiC5+Lw8Pz//H8148LH1VvBNFDIWCgqSwUhxNlETiQ94D9IluHymEbtbGuGtk5eOLClnIuZjcwLNOAFg0LGqYmOsSwzwkw4q2Amu6GqxOVMMyUoZFVSFM73NBtokxWSsAkRcKOd8VlIBwCKZrn00cC5bHyijKsTRcgoUBGea6c0C2ZkDfkAxtWQJUWSGMIC/k/IRDoP5kdB5T9+NbVymm6pMwIgtDn/gOqLVBrY0q7mUUh11AadQVNKQGoFSaDmldl7NDQD99M4fdY/MHWNu2Ye/Qjn2bHes7PzFl3sOocReGtQOQqwdo16xC2mnoPg47BDTK6d13yukd+xw1bN0/gnnLBv3SPmapoPrrDxQpTfaCDoP8ZPiUgKZV+92lTbtFfiS3Ydo4ZMKd4+soVBpnJB2zLr+H/xAcUz+0MqgxWjFq2Ias26j628w/BY1Dy8Pj81aMUQJJ++zgfwvq1cs3mwmT6U1zO7KyslFZWYnUtAwkl/ctCKUK38TERJLupaWlbfB4vKeurq5nHOHaQUtrE7Foz5WWIj8/HxaLBSRJYmBgAOmvc5H4Kg/6z1+O6B5BEMwMm83OZMLVqiVlj24d8s5eCIVCaHQ6iMXp8PPzA4fDgUQigUAgYGpfNtseFBTUSUsSEhK2WA09Oue6QTP6pzchysyBSCRiBDu7e7jl7Y3e3l5oNBqoVCq0tLTA3dMLvCTZDVqQkpKyx9zCpLIYxLAa6ZIKxMbGMQK+8Dk8PDzh5eUFf39/Brr2cHfHwwD3TVrA5XI3Tx3TiCIDnNBgFOTnQP62CXK5HEVFRYiPjwefz2dqutdUV2PLzs7epL6oZ508Z21xBNny8t5u8F1fcDmP8CQqEtEUSfev7r8IvGSO5kXYoqJ4h+Hh4VYfHx+Dm5vb9V9HN9N1j9T0nAAAAABJRU5ErkJggg==');
insert into Categorias (idCategoria, nombreCategoria, descripcion, imagen) values (29, 'Music', 'Maecenas leo odio, condimentum id, luctus nec, molestie sed, justo. Pellentesque viverra pede ac diam. Cras pellentesque volutpat dui.

Maecenas tristique, est et tempus semper, est quam pharetra magna, ac consequat metus sapien ut nunc. Vestibulum ante ipsum primis in faucibus orci luctus et ultrices posuere cubilia Curae; Mauris viverra diam vitae quam. Suspendisse potenti.', 'data:image/png;base64,iVBORw0KGgoAAAANSUhEUgAAABAAAAAQCAYAAAAf8/9hAAAABGdBTUEAAK/INwWK6QAAABl0RVh0U29mdHdhcmUAQWRvYmUgSW1hZ2VSZWFkeXHJZTwAAAIRSURBVDjLjZPJa1NRFIera/8ECy7dV7txkb2UOoDgzo0R3YuLrFwWIVglWQRtN0GCLkIixJDJQJKGQOYBA4akmec5eSFT/XnPsXlNsWIffOTdd3O+e+6PezcAbBDiuS7YEmz/hxuCq3LdmmBrOp32F4vFyXK5xEWIeWg0mnfrknXBNhWPx2NIkiQzGAzQ6/XQaDRYUqvVoNVqZQkXGwyGm2q1+k00GkUkEkE4HEYwGGQCgQDS6TSKxSILJpMJaBGdTvdHYjKZHvp8vuNsNot6vc7QavRLq1UqFcTjcbhcLrmLFZyJ2+0u9Pt9hC1f8OHpDt4/uoO3928zmscKHD5/gKPPB8jn8yxpNpuoVqtnAqPRiOFwiPGgB/fhPr7uvcJH5S4Ont3Dp5dP8G3/NX4cfedCi8XCeXQ6nTOBzWaT5vM5J0yTFFy325WhtmkbhN1ux2g04gVlgcfj+UmDUqkEh8OBcrnM7xRaLpdDIpHgcSqVYihEYr0DL61O6fv9fhQKBd4vhUrpk6DdbsNsNrN8Nptxt7JApVK9EMW9TCbDEgqI2qUOSELvJPF6vbw9Kj4nEM81pVJ5V6/XH8diMQ6IaLVaLAmFQnA6nfyNslohC05P4RWFQrFLHVitVoYSF2cEyWSSgxOn9Bx/CWggPv761z24gBNZcCq5JQKSaOIyxeK/I769a4JNklziOq+gq7/5Gx172kZga+XWAAAAAElFTkSuQmCC');
insert into Categorias (idCategoria, nombreCategoria, descripcion, imagen) values (30, 'Clothing', 'Integer tincidunt ante vel ipsum. Praesent blandit lacinia erat. Vestibulum sed magna at nunc commodo placerat.

Praesent blandit. Nam nulla. Integer pede justo, lacinia eget, tincidunt eget, tempus vel, pede.', 'data:image/png;base64,iVBORw0KGgoAAAANSUhEUgAAABAAAAAQCAYAAAAf8/9hAAAABGdBTUEAAK/INwWK6QAAABl0RVh0U29mdHdhcmUAQWRvYmUgSW1hZ2VSZWFkeXHJZTwAAAL2SURBVDjLfVHrS9NhGB0Evy/9HQlZmmbe0iabspbbwJm6IKnMLWND2dzcnKDb3CJyjpy3QR+MgoxMV06HNl3iHBO6qDkjvGVlgn5Qt1yOCD393l8X8EIvHHg4z3nO+7znZQFg7Yer/ATVp4xbcavjowO6hKin5vSKp+4MdZj2ANFXcZKiB0M+Kx9TnXK8e1KBQIsYQ/WpoSFLGvVfA7cqnhrQJoTGbAJMdylpqDDdrUHwWQ38jiIM1KeH3IZ06lADt+YUNahPDPubRAg+VSPQmg+POQMvbmXC11aEye5aDNsL0a1PCz9Wp1B7DAZ1iZSnJikcsOch2KNFoK0Aw3c4eD8zzaDfzMGQrRDjj3RwWfLQcTMp3H4tkTFh0QFRdEDhQEs+gk49vWohPLe5ePP6FdbX17G5uYmF+Vl0as/BaRTBe0+Bh1XnYS2IC1uEsRRryJAyHmi7+OedEno4G1OTb7GxscEM/8X83Cwc0jTcV+agt7EYrdJM1HBixll0snyPJX3H1y5Bn5G9++njwr+b92P58xJMgjg0XT0LPfvYDg3+7wAN6fzndWlj9ru23e3tbUas0Wig1Wqh0+lQXV3NcJFIBDZrA3Sc2BkyfOAbrVbr1traGlwuFywWCzo6OmA0GqHX67G8vIzGxkaGo3thuVxexWazj+4xMJvNWw6HA3a7Haurq1hcXMTo6ChMJhMIPzc3x3B+v5/RCIXCBlb5y5L4672XLhc9EA0LlLwdbbUWE8EgSktLiQAymQzNzc3MFqQWCAWQyAu3iEmluvI7ix7+quy/gdqRSogq+DDVmxgDsnpOTg68Xi8mJibg8/nQ09ODbB4XdV41s4XBZACLvnnkgp3zJcOYPJ5akByVlcl2iUFJSQm4XC54PB7EYjEDUnO4HIiKhSFiIC2T/tyTwXH6iESiDzabbbOrq2vd6XQyb1epVMxPkJpwpEc0RLvHICYm5khWVlZCbm7uklQqjSgUiiiNHxKJ5AqNbLr+RjjSIxqi/QVm6pQnUTAFywAAAABJRU5ErkJggg==');
insert into Categorias (idCategoria, nombreCategoria, descripcion, imagen) values (31, 'Computers', 'Aliquam quis turpis eget elit sodales scelerisque. Mauris sit amet eros. Suspendisse accumsan tortor quis turpis.

Sed ante. Vivamus tortor. Duis mattis egestas metus.', 'data:image/png;base64,iVBORw0KGgoAAAANSUhEUgAAABAAAAAQCAYAAAAf8/9hAAAABGdBTUEAAK/INwWK6QAAABl0RVh0U29mdHdhcmUAQWRvYmUgSW1hZ2VSZWFkeXHJZTwAAAKxSURBVDjLdZNfSFNRHMc3FVNEBTWFFH0wTAVf9NEeiiLNh+ohKZIykKSHegssJXqZVFbiKsOUNAkhMu7wz8zgqjk3LndbOnVuorPdbboZsc0/zKs4+XbOdU4jPfC9v3PO73w/53cu58gAyKhIk+fl5Z1XKpX6nJycUjKOonMhRRUWFp5ua2vj6Bo6F/bRj40EjsigVsPtdoPv65PGtpBof3xwUMr9HBgI50Iby+R0MHXsGCxaLVwuF2ZINEVGwhsRIWlCLodFp5NydM1ECBCqbhcwFxcHprMTgiCA6ejAeEoKHElJcCQkwBgbC6a9fTdHovUwwJ/ERAzl5qIlIwNsVhYWMjNhT0/Hr9RUWAlIHR+P1zEx6I+OhptU9B9gPTkZv4uLsVxUBE9BAVwE5sjOhp2AFgjIlpYGW0kmZruuY76nHqYPFzDxJr9SAvA8j2AweKS2t7exInTDM1yDlal+YH0J/qmv4F6WLh8KCAQCMBgM8Pl80Ov1MI02wWt+gi1XLzw/XmBjmkFQ0GK6o1o8FEDNKpVK2nndPQSf+TF2NrTYWLgHr/4+rJ+qMNl+B9rGy6f+AVDDHoRhGKwusfBNP8KOyCFgq4TorMCapRZC5xXwQ6r9n3gQsKeej3XwGGpC5lsQHTewaq6D7X0Z5g3fwXHc0YAlcw9mBh+QsjUQ7VXYdN7ECqmEmjf9i9J9oMcMX2UKIMYdarZoujAzUIvJb01Y5MsRsFfAa3qIudZL2PS54HQ6qRFGo3EfwLIs/H7/KoV8eX4OWBMw23oVw7UnoGu5CN2rElj1rLQzbaIoSkcIA5qbmzEyMoKxsTEoqguwxb3FFq8EX38W3XdPYlT9WcppyTvQkTeh0WhAPWGAQqHQkmcMqmtnjuPp7Xywz8rQ21iOd40K7OUOqqGhgZYj+wu8wrLULIN/YAAAAABJRU5ErkJggg==');
insert into Categorias (idCategoria, nombreCategoria, descripcion, imagen) values (32, 'Music', 'Aenean lectus. Pellentesque eget nunc. Donec quis orci eget orci vehicula condimentum.

Curabitur in libero ut massa volutpat convallis. Morbi odio odio, elementum eu, interdum eu, tincidunt in, leo. Maecenas pulvinar lobortis est.', 'data:image/png;base64,iVBORw0KGgoAAAANSUhEUgAAABAAAAAQCAYAAAAf8/9hAAAABGdBTUEAAK/INwWK6QAAABl0RVh0U29mdHdhcmUAQWRvYmUgSW1hZ2VSZWFkeXHJZTwAAAGeSURBVDjLjZLdKwRRGIf3X1wXuNAikiKfWXaVLO1SIjYlG9LYaGKxNSXWx1rnwoUo+Zhdu2vkRsp32ePCvH5nYoaGNaeemjkz5/ee85zX5W6VS4bjuc3uhSzzz4NohnlnT1nHzAlrnz5mbZEj1jJ5yHwRxsS/ROT6jiu4lEuF12+YE5pHd1O2AFHZKXVDSWYL8EcvxKQjaga27AG+ubTxUUllMlOJq9fB1Us+sAJieR5azPJ+Oc0DC2e8N3rCmyYOOFxocOGxAiTVCBhTtMJ08pYXY1i55nChwUXeDGgM7xsBovJ/dErnHC40uNDMAGynr35kj3VJKn98eQOcPzwLCib3gqcCf3l9e8QiDS6sgK8HuBCTWnxHvRtT8joqEfqC0BeEYxJ6g9AXhL4g9AXBBaF4gxUgqUZAKJYjnNMRcPFuBsCFESAqOwUurPvEdsbhQkNfkNMBFz+b4tPFnwt0gS7Qjfeq4MYvARBWbHyFiOEJrNkD4MLxEdxtsj0ALmS4MATVDm5TdTBBlf3rVNGjUHl3nMp8y1TqjYkrFMgf+hUje+AiV2IAAAAASUVORK5CYII=');
insert into Categorias (idCategoria, nombreCategoria, descripcion, imagen) values (33, 'Beauty', 'In congue. Etiam justo. Etiam pretium iaculis justo.

In hac habitasse platea dictumst. Etiam faucibus cursus urna. Ut tellus.', 'data:image/png;base64,iVBORw0KGgoAAAANSUhEUgAAABAAAAAQCAYAAAAf8/9hAAAABGdBTUEAAK/INwWK6QAAABl0RVh0U29mdHdhcmUAQWRvYmUgSW1hZ2VSZWFkeXHJZTwAAAHiSURBVDjLzZPdS5NRHMf3Fwy67yYqepnzrSgJetEyl8s0GqvYEHLDFiGr4VwQZTcOpzfeVgQiCIJ4IWJUN+WNUhQqqAVjpg0c4vY8p7l89uLzfDpbV0FE4Y0HPpff7znf3+97TIBpJ5h2h4HxoNMlSUlEET0YEHrAL7Y77orCndsi7/WIXGuryN64KbRrDrF1uTmZuXjJXTKQAqckw+tXMD0N8/MQjcLSEvq7tySHh1GGhkgPDqI+fUZ8YID44242z5zPpGtONxcNPvLiOUxMwOgoLC7C3ByMjaEHg8R9Pta8XhSPhw23m09NTXzp7SXqv4+oOhkvGlQYXYEPRiQM8jZWVymdqSl0h4M1u531xka+S5br6vjc08Oytx1RcSKhHqlylmYg8+6ReV/qT7phfBwSCZidxXC5SEqhKk1Um41YOMzXW15E+fGYcriy8rctFHzt5nxb2+R2KAQzM7CwgCGfLurryTQ0sNHXx4oUq2XHYsqhcusf15h1uc2a8/pkviv0y0DOIFNbS7a/n28dflRL9bpy0Gr9aw+2rrSYf9jsb3IPH2GMjFCIRFDuBZB5NeVAWcs/FWnz3IW96VNno7lAJ5oUy7xaar/F+V9NFNU1Fpn3vcy7ktp39Oou/ws74Sc149q/X6rjygAAAABJRU5ErkJggg==');
insert into Categorias (idCategoria, nombreCategoria, descripcion, imagen) values (34, 'Toys', 'Nulla ut erat id mauris vulputate elementum. Nullam varius. Nulla facilisi.

Cras non velit nec nisi vulputate nonummy. Maecenas tincidunt lacus at velit. Vivamus vel nulla eget eros elementum pellentesque.', 'data:image/png;base64,iVBORw0KGgoAAAANSUhEUgAAABAAAAAQCAYAAAAf8/9hAAAABGdBTUEAAK/INwWK6QAAABl0RVh0U29mdHdhcmUAQWRvYmUgSW1hZ2VSZWFkeXHJZTwAAAH0SURBVDjLlZPLbxJRGMX5X/xbjBpjjCtXLl2L0YWkaZrhNQwdIA4FZxygC22wltYYSltG1HGGl8nopCMPX9AUKQjacdW4GNPTOywak7ZAF/eRe/M73/nOzXUAcEwaqVTKmUgkGqIoWoIgWP/fTYSTyaSTgAfdbhemaSIej+NcAgRudDod9Pt95PN5RKPR8wnwPG/Z1XVdB8dxin0WDofBsiyCwaA1UYBY/tdqtVAqlRCJRN6FQiE1k8mg2WyCpunxArFY7DKxfFir1VCtVlEoFCBJEhRFQbFYhM/na5wKzq/+4ALprzqxbFUqFWiaBnstl8tQVRWyLMPr9R643W7nCZhZ3uUS+T74jR7Y5c8wDAO5XA4MwxzalklVy+PxNCiKcp4IkbbhzR4K+h9IH02wax3MiAYCgcBfv99/4TS3xxtfepcTCPyKgGl5gCevfyJb/Q3q6Q5uMcb7s3IaTZ6lHY5f70H6YGLp7QDx9T0kSRtr5V9wLbZxw1N/fqbAHIEXsj1saQR+M8BCdg8icbJaHOJBqo3r1KfMuJdyuBZb2NT2R5a5l108JuFl1CHuJ9q4NjceHgncefSN9LoPcYskT9pYIfA9Al+Z3X4xzUdz3H74RbODWlGGeCYPcVf4jksz08HHId6k63USFK7ObuOia3rYHkdyavlR+267GwAAAABJRU5ErkJggg==');
insert into Categorias (idCategoria, nombreCategoria, descripcion, imagen) values (35, 'Grocery', 'Nulla ut erat id mauris vulputate elementum. Nullam varius. Nulla facilisi.', 'data:image/png;base64,iVBORw0KGgoAAAANSUhEUgAAABAAAAAQCAYAAAAf8/9hAAAABGdBTUEAAK/INwWK6QAAABl0RVh0U29mdHdhcmUAQWRvYmUgSW1hZ2VSZWFkeXHJZTwAAALZSURBVDjLfZJrSJNRHMb90Jfoe+GnPkVBF5GKJIKS0gqFbnTX0swaSkqWTdJIBXXqygtMFPRDC29lmuYlp6mgeTfzthTHnHObuoub0/fitvd9Ou+KpWYdePif97z/5/d/OBwvAF7rRWk/hlCq8gZqqkS7PJLH2AZSWWvXM4ul/dHIUqc4eXO/Z0Nrarxp9YcmVtcEp7kHrpUf4JhZ8KwWLtsk2JlGWFqisVBzTW1uEx/YAKBm63asTsv7HaZOcGtaIg0xT4Cjh+Fa7SPqIWdK8A4T7P250MlPWxbbEnZ5AKvKwkx2rp406MGx06TqwLtsAL/mFu+yEtgonMv1AGeB8VM0dJU3Gj2A5SGJzmkdJb3TZNIMeKeZmJbcRrecJvJPQwCfiSrA6gegyvdjPIClr4lrHD0DF9ULFz1E4itJ7DG47MPE0E/uoAtOuwKssQCMPg7cqhaTmb68B2Bui51bW+wj08fBzCWRCemw1obB2iCCtT4C5rJgMLpUUKqbcJiywGgHMJV9+E8Cc0eCxNqbTeKawcyKYSzyAT0bT/QUlFpE6hMY0rdjZSIQPK+C/l0s1EXB7R6ArTt522KDaHJlvJRcoAqmN35uM62LAqUNBa2Jw0LeTnBUB5a/VUGZvJfVVcfu2fAOTF8SfOarQkwrY2WwVUf+ApDJgpnWPEZN8WXEF9zGg9cXEJLmz5xPOJS0ASDI2Bx/RF0ePm8oCQTTFgTOcBac3h+1lZeQ8j4c9eMyfDcokNMShes5B3Es2lvqtflptpenBclSIhxvZc9RmHUc0pdHcSc9ALVjuahV5kNY0tZI5LQ+FADMXwBBL8Qirby0DHJ5BQqLShCc6IvG8WKsX3WjMgGALQHimLvdLa2tMBpNGBwcwomY3chW3EOGIsxtzmgO+3+ClnJJ6NWL56iAgDO8v/9J/tSt/c4r0n14pbjvnixU4XvLO/iXSLOEyC7E/l0lwvlPxOcI8qKVSZYAAAAASUVORK5CYII=');
insert into Categorias (idCategoria, nombreCategoria, descripcion, imagen) values (36, 'Home', 'Duis bibendum, felis sed interdum venenatis, turpis enim blandit mi, in porttitor pede justo eu massa. Donec dapibus. Duis at velit eu est congue elementum.', 'data:image/png;base64,iVBORw0KGgoAAAANSUhEUgAAABAAAAAQCAYAAAAf8/9hAAAABGdBTUEAAK/INwWK6QAAABl0RVh0U29mdHdhcmUAQWRvYmUgSW1hZ2VSZWFkeXHJZTwAAAGsSURBVDjLjZNLSwJRFICtFv2AgggS2vQLDFvVpn0Pi4iItm1KItvWJqW1pYsRemyyNILARbZpm0WtrJ0kbmbUlHmr4+t0z60Z7oSSAx935txzvrlPBwA4EPKMEVwE9z+ME/qtOkbgqtVqUqPRaDWbTegE6YdQKBRkJazAjcWapoGu6xayLIMoilAoFKhEEAQIh8OWxCzuQwEmVKtVMAyDtoiqqiBJEhSLRSqoVCqAP+E47keCAvfU5sDQ8MRs/OYNtr1x2PXdwuJShLLljcFlNAW5HA9khLYp0TUhSYMLHm7PLEDS7zyw3ybRqyfg+TyBtwl2sDP1nKWFiUSazFex3tk45sXjL1Aul20CGTs+syVY37igBbwg03eMsfH9gwSsrZ+Doig2QZsdNiZmMkVrKmwc18azHKELyQrOMEHTDJp8HXu1hostG8dY8PiRngdWMEq467ZwbDxwlIR8XrQLcBvn5k9Gpmd8fn/gHlZWT20C/D4k8eTDB3yVFKjX6xSbgD1If8G970Q3QbvbPehAyxL8SibJEdaxo5dikqvS28sInCjp4Tqb4NV3fgPirZ4pD4KS4wAAAABJRU5ErkJggg==');
insert into Categorias (idCategoria, nombreCategoria, descripcion, imagen) values (37, 'Jewelery', 'Etiam vel augue. Vestibulum rutrum rutrum neque. Aenean auctor gravida sem.', 'data:image/png;base64,iVBORw0KGgoAAAANSUhEUgAAABAAAAAQCAYAAAAf8/9hAAAABGdBTUEAAK/INwWK6QAAABl0RVh0U29mdHdhcmUAQWRvYmUgSW1hZ2VSZWFkeXHJZTwAAAImSURBVDjLpZPfa1JhGMcHXfZ/eBUVdNOVBqGDgwaSy1HLg6R5IUVyYCi5li6Wv+dRysAQoiG4ple1aMyRYj/wF8Ugl8PVTSCM0GI0K/DbeR9RJ4xi9MLnnPf9Pg+f877ncMYAjP0PdOGjVZtEWKIsAT5a6fKRCvhwGUbpfiVagVEsgQ+VWqZIseTPbMK/XMN+QRyHHN6lDyOCTbZ6WPg6IP4X2DAGXneGArHS7gty9V0iv3UwfcHknVx3IDCEy79YGP/Hk/fvQO9aHx7hcqjUPew7mLi1NhRMBYoU6mbXoJ5ZBedcpfX2l/aBUK/zxVBwyfeWwjPTzzGXfI/TwspAsNP6MUJfcN6+MhRc9Lyh8NT1p7j5qAjOKiIYDCKRSMDr86H8roatz034/QHKWG3qhgi5XH60t4P5VyQ4dnUZvHAXoiii2Wyi0Wggl8shtBDGvfsP8LFep6xQKFCPWq329XYwXyDB8QseCNN2VDc24PF4oNFoYDabEYlE4HA4aM4yVmMSQRDaJJh05+krnOCsmHXNkaDT6UA1Po5sNotqtYp8Po90Ok0ZqzGB2+3eI8HE7ZfbTJBKpWCz2UjgcrmgVCqhUqmg1WoJNmcZqzGBxWJp9QQz6ws6Z/aZ+trjb+d0BngDYSwmnyCTySAWi5HUbrfTnGWLyaWuLxD6LR2nNvJrymSyIwqF4iTHcZ9MJtOu1Wrdk/ip1+sNEmel+XeWsRrrYb1/AB4L/elcpleiAAAAAElFTkSuQmCC');
insert into Categorias (idCategoria, nombreCategoria, descripcion, imagen) values (38, 'Garden', 'Phasellus in felis. Donec semper sapien a libero. Nam dui.

Proin leo odio, porttitor id, consequat in, consequat ut, nulla. Sed accumsan felis. Ut at dolor quis odio consequat varius.', 'data:image/png;base64,iVBORw0KGgoAAAANSUhEUgAAABAAAAAQCAYAAAAf8/9hAAAABGdBTUEAAK/INwWK6QAAABl0RVh0U29mdHdhcmUAQWRvYmUgSW1hZ2VSZWFkeXHJZTwAAAKoSURBVDjLnZPdS5NhGMYVRIjwnyiKPojSTiKCCP+EDoqyA0H6OrAI3VjOVso2STTLQUmUI/REVzbQXNqqvVu6LSvbJ+7L3k3Wmpturj37dFfP88aGlEc+cPOe3Nd1/e4L3ioAVTsdjuMadyScn5+v1ev1Uq1WG9l2weVy1TkcDsXi4uKCxWLR0qRTW1Lrp+nTaDRptVr9v9jpdO6i4oVQKIRUKoVIJAKr1QqdTvd2dnZ2gKYGPB4PTCYT+vr6Rv9NrrXb7XM8z4O9UqmE8nO73RgbG0tTAgwODsaVSmWrVCrdXRZW04XLNpstFAgEUCgUsLm5KRiwSSQSSKfTCIfDUKlUUCgUTSKRqJZpGXI1nVfBYFBAZgKGzZbz+TwYjc+mRcjSiXxmHTMzM5DL5e1l6ipa1N0ychmbEfj9flAyrAR94E23EPeO45dTDXa/TCabrhiYzWYTQyzjMvRisQhCiHD38pdnWHWPoPDbh6XJJny3TEEikegrBgaDIZrL5SpChp3NZpHJZBALu+DWXkB2dRLZcD/W/FPQPTlXui2+2VgxME5MRFkawy4LWWGpjQ0sm3oQW9IgG+oC13Mc+bgG3543lr4+PXO2YmAdGuJYByxdENIik8kkIl4DlvUdyEVfgPiawSnrkeHFSATewKo66bI8PFEnGHjFouF0by/yRqOAv0GTk4k1uF9fwTotLvOjDWnP+b/jvURPGQBveIRP9xvuCAZ8S0uN70brHOnuEkpjhfKfR8Fz/chFHgvpae9FekKD8CWB6yA/teC6j/wy3Dt8SLgj0NxcY792dVgrFnOj7W1x7sHpIon5kVvTIxulHUTHt8xLFFIOrJhH8L5j//i2PxPFi5mUx4hRfpTQJEKTyEfZQfKh8wChIqKX7CN68V7yTrTH+Aes5yJtFoFr+wAAAABJRU5ErkJggg==');
insert into Categorias (idCategoria, nombreCategoria, descripcion, imagen) values (39, 'Books', 'Nam ultrices, libero non mattis pulvinar, nulla pede ullamcorper augue, a suscipit nulla elit ac nulla. Sed vel enim sit amet nunc viverra dapibus. Nulla suscipit ligula in lacus.

Curabitur at ipsum ac tellus semper interdum. Mauris ullamcorper purus sit amet nulla. Quisque arcu libero, rutrum ac, lobortis vel, dapibus at, diam.', 'data:image/png;base64,iVBORw0KGgoAAAANSUhEUgAAABAAAAAQCAYAAAAf8/9hAAAABGdBTUEAAK/INwWK6QAAABl0RVh0U29mdHdhcmUAQWRvYmUgSW1hZ2VSZWFkeXHJZTwAAAJmSURBVDjLhZNNS5RRGIav8+HMvDNO5ZhOYqXQF2FgVNRCCKM2EbQ1ok2b/AG16F/0ge5qUwitghbWooikiIhI3AQVFER+VsyMztg7vuecp4U2ORH5wLM5cK7n5r65lYgAoJTaDhQBw/9nAfgiIgEAEWENcjiO43KSJN45J//aOI5lZGTkBtALaBFpAhxNksRXq1Wp1WqNrVQqUiqVZH5+XpxzMjs7K6Ojow2Imri9Z1Dntjwo2dObZr7vpKXFoDVAwFpNvR6za9du+vr6KRQKrKysEEJgbGzs5vDw8DX1/N6Rrx0HOrpfvOqnWs0CCgQkaJTJEkIAHENDFygWi01mWGuP2Vw+KnT3djPUM0eLzZO4L6ikztQz6Dl2i4ePxgk+IYoylMtlQgg45+js7FyFKKUk/llhevplg9zTtR8RC0AmSlGtrGCMxVqF9x5j/gRlRQLZbIbt3fvW4lwmpS0IhCA4FwgEjDForVFK/Ta9oYDa8jdmpt83Hndu86DaEQkgHgkBrXXT5QaA4FuiqI3itl4IPzHWk7G5NQUBQgISUEoBYIxpVlArle9+fCbntFY6qM2Z4BOWazFzS13UPrwjlUqzuFhtXF9NZZ0Cn7hLc59mrly+/uPQ+OO3T+6PP8W7OpH1fJ6cpLU1hUsSphcqRLlNFHK6GXD84nuvlCoDS1FrgZn28+T5zom933jzeoKpyZeY9oPceOJpz1e4erbtLw/WTTBZWVpaVNmcYuvWDk6eOsPAwCCLseHOpCOfNg0vgACg1rXxSL1enzDGZAC9QSOD9345nU4PrgfsWKvzRp9/jwcWfgF7VEKXfHY5kwAAAABJRU5ErkJggg==');
insert into Categorias (idCategoria, nombreCategoria, descripcion, imagen) values (40, 'Health', 'In sagittis dui vel nisl. Duis ac nibh. Fusce lacus purus, aliquet at, feugiat non, pretium quis, lectus.

Suspendisse potenti. In eleifend quam a odio. In hac habitasse platea dictumst.', 'data:image/png;base64,iVBORw0KGgoAAAANSUhEUgAAABAAAAAQCAYAAAAf8/9hAAAABGdBTUEAAK/INwWK6QAAABl0RVh0U29mdHdhcmUAQWRvYmUgSW1hZ2VSZWFkeXHJZTwAAAJcSURBVDjLpZPNS9RRFIaf+5tx/JqxUZGKQtEkyJBKw1ZhG0mSFkW1aVW7Wgpusv4CoX20KIgIKowgZSgwrIVghFQbM2swQRM/xmx05jf33nNaBJNWtKizPJzzcDjv+xpV5X8q+mvDPTdxVXpV6BahQxVUGBchpcL1xEnNbp43my9wz02nCrdMfV+jSXagsRpQj+aW8JkJwg8DaREuVJ/S0d8AbsSc0mTnYLDjPFqxDb8xiYTLqMuDKSMoa8bYgPDzA8KF0dN15/RREWBHTI0qM5HWe3EJ1vD5NNhviAtRn/8BEcWU1hMpbeXr2MWsCA07z+tKAKBCb9DQH9cYSJgGt87I4yWQAvgCL56B2Cxu7R0+/EjFvv64eHoBAgARekz1ESSfRl0OFcuxE+WoWNRbjnZmUQlRm8Wtviaa3It4eooqiNBCaRWSW2X6bTWYBJhf5FFF3Qq7a54CId7TWASokFOXj+EdNQ3tVNTuwQSRrfviWV94g64NgSoiRH5e4EljcwchRmU8R2J7M0G0ZAvA2xC/PIwJKhAfxYZMb/7BkF2awMTqCcJR7MYcsNmhil37CMv3iVYdILc0gy0wVJQxM2jqRPgUP3InLvY9bn2GSLKHkmQbqCdcfElh9iaR8l2YquPMPLmUdZamQ1d0sWikxfvmTLSu60FZ/WmIfMNlXuFzc6jLY6IJIomDeJrITA6TmUqdbevXh79Zef6u6RLPjcqWvsZY7X6CkgDE4ULP+vwUX8YG0s5yuf2qpv6YBYDZ2yYunj4Rur2nwxXAWcadJeUsA4ev/SVM/1LfAVOtXW4xpbWpAAAAAElFTkSuQmCC');
insert into Categorias (idCategoria, nombreCategoria, descripcion, imagen) values (41, 'Health', 'Morbi porttitor lorem id ligula. Suspendisse ornare consequat lectus. In est risus, auctor sed, tristique in, tempus sit amet, sem.

Fusce consequat. Nulla nisl. Nunc nisl.', 'data:image/png;base64,iVBORw0KGgoAAAANSUhEUgAAABAAAAAQCAYAAAAf8/9hAAAABGdBTUEAAK/INwWK6QAAABl0RVh0U29mdHdhcmUAQWRvYmUgSW1hZ2VSZWFkeXHJZTwAAAInSURBVDjLnZPPS1RRFMe/b3zk5DCVmlq+0ZBCoTEXWkEELmzhqiCocNWyTav+gfoX2gq2bhET/VgUIczKoVUGxthIKqX1tAmG+cGM7/56nXvezDCtDC9czpl7z+ec7zlznxOGIY6y5p/N3ZVKLcb+J/j+23uphczt6x3wLYKfe0Nne53DFBB8QQiZFkK8FFLNSynjBL86MzDY9X13t3qoAoJ7Cc6kBrwYwR8Ifn3OSzFM19POYu4xSzAmpG2gaRutQYFQStOW+H1Qhh9WcTKZRK1exy9/D+nEEI4hBjdtPAwPX2pXtC2FoWlu6yv2Pxe/YulLBk7o4MnVBzgdP4H19WW4LTAIqgxYFRGsyddtez7ej0cX71AFg+NaQWsJKRtRAgtYsKfnFEZGplGvl7C/X8Do6BU6l1hbe4PJyZuY6nKxsZFFqfSDz5UKELM92grGKIa3tz/SxQHBl7G1tYJa7Q/Gxq5xcKGwTEX6eC6RAkqgteI+7YFdlYqPzc0VNBolTEzMIZHog+/nkUwOYnz8Bsrlnxxri9pCMWMa0NyTTQS+tBXy+ffI5ZZ4Lp43hWz2KXZ2PnErVn7EBHCtDCtfa8FDmZlZYGlC1EhuP99VKnuYnX3IfrH4jeGobQ3X9hZlE1hdfdGeRyug85+wtjXwyCq4QRCwpO7uREewafqm/bv1LujJNW30CZCCBvX7jvtWys4hIGvfg+AkkVzFQGT/Xc5RP+fW+gsEgchGXj0/PQAAAABJRU5ErkJggg==');
insert into Categorias (idCategoria, nombreCategoria, descripcion, imagen) values (42, 'Garden', 'Praesent id massa id nisl venenatis lacinia. Aenean sit amet justo. Morbi ut odio.

Cras mi pede, malesuada in, imperdiet et, commodo vulputate, justo. In blandit ultrices enim. Lorem ipsum dolor sit amet, consectetuer adipiscing elit.', 'data:image/png;base64,iVBORw0KGgoAAAANSUhEUgAAABAAAAAQCAQAAAC1+jfqAAAABGdBTUEAAK/INwWK6QAAABl0RVh0U29mdHdhcmUAQWRvYmUgSW1hZ2VSZWFkeXHJZTwAAAFWSURBVBgZBcE/SFQBAAfg792dppJeEhjZn80MChpqdQ2iscmlscGi1nBPaGkviKKhONSpvSGHcCrBiDDjEhOC0I68sjvf+/V9RQCsLHRu7k0yvtN8MTMPICJieaLVS5IkafVeTkZEFLGy0JndO6vWNGVafPJVh2p8q/lqZl60DpIkaWcpa1nLYtpJkqR1EPVLz+pX4rj47FDbD2NKJ1U+6jTeTRdL/YuNrkLdhhuAZVP6ukqbh7V0TzmtadSEDZXKhhMG7ekZl24jGDLgtwEd6+jbdWAAEY0gKsPO+KPy01+jGgqlUjTK4ZroK/UVKoeOgJ5CpRyq5e2qjhF1laAS8c+Ymk1ZrVXXt2+9+fJBYUwDpZ4RR7Wtf9u9m2tF8Hwi9zJ3/tg5pW2FHVv7eZJHd75TBPD0QuYze7n4Zdv+ch7cfg8UAcDjq7mfwTycew1AEQAAAMB/0x+5JQ3zQMYAAAAASUVORK5CYII=');
insert into Categorias (idCategoria, nombreCategoria, descripcion, imagen) values (43, 'Automotive', 'Aenean lectus. Pellentesque eget nunc. Donec quis orci eget orci vehicula condimentum.

Curabitur in libero ut massa volutpat convallis. Morbi odio odio, elementum eu, interdum eu, tincidunt in, leo. Maecenas pulvinar lobortis est.', 'data:image/png;base64,iVBORw0KGgoAAAANSUhEUgAAABAAAAAQCAYAAAAf8/9hAAAABGdBTUEAAK/INwWK6QAAABl0RVh0U29mdHdhcmUAQWRvYmUgSW1hZ2VSZWFkeXHJZTwAAAI6SURBVDjLpZJbaJJxGMaHgdcFXURdBLtZrGitiFh0uhjRVRTVWI1as7mQakhjyyEkRAcaHSCrj0xrWGuuoVsr25qzfeYObh6yJJdzavoZs3Sy8PhJ8vR9EoHkotXFA/+b3+//vC9vEYCi/8mvh8H7nTM8kyF0LpoacCazLxzxbM/bb1S3OUo8GQtz/iggGfi1O0NaAzS8kQwCURqBORrTX9LQf5jHQ3KWlA1RnAUFeneGsATSoKIZOGdTsAWSMPuTsFNJeL7SEOoF4GtrUKuuShUUvJpKUd4wnYMtDDj5KQGTN4FRTyInOvH8MDonL6BKuRcFBey8fqYyC0/4Ehhn4JGZOBp1AtT1VkOkrYfMKIKgsxq7b+zErssV0TyBxjaf9UVomBh4jPnVyMCG6ThbGfKRVtwebsK1wdO4+JIPce8xbBGXI0+gMkWoqZ/137jjIBlY/zEGnqoO+2R7wGvfj/N9x3FAWonNojKUCUtTeQKlMUT02+fgCqVzs7OwzhnLyd4HU2xlCLsOYlPz+sI7uK8Pcu4O+EnNRAhWfwKOzym8Y2LyxCAf9GGHZDvKm9Zha2NptudcRUnBQ7rZ5+G0aVzEpS4nJelwZMXt9myL3Bpskyq9FmUzQuZu2B63QCXcEH50ak3Jb4KF0i+p5D5r3aYeJeoRNCgwfq8BCv7q8F8L2Dw9u5HbcWateuj6IXi0V0HUrsCiBGweNBRzZbxVasXJYkhrll1ZtIDNnaPLl9w6snRlwSX+a34AgPPwSZzC+6wAAAAASUVORK5CYII=');
insert into Categorias (idCategoria, nombreCategoria, descripcion, imagen) values (44, 'Games', 'Vestibulum quam sapien, varius ut, blandit non, interdum in, ante. Vestibulum ante ipsum primis in faucibus orci luctus et ultrices posuere cubilia Curae; Duis faucibus accumsan odio. Curabitur convallis.', 'data:image/png;base64,iVBORw0KGgoAAAANSUhEUgAAABAAAAAQCAYAAAAf8/9hAAAABGdBTUEAAK/INwWK6QAAABl0RVh0U29mdHdhcmUAQWRvYmUgSW1hZ2VSZWFkeXHJZTwAAAIzSURBVDjLhZNLbxJRGIZP22la6KLpou1GN11QKGW4DFTH1phorZcYi8R6w2ooAlUSjUStC39A49I/4sK9f8OFLoyCwZAAgsMwc87x9RuoSXWgLt7MvGfO+3zfnAsDwAaJT0094+PjlojHTc7YpWHz/g4x5hELCx16Qm5eg9zOQGZzEMeOQyQSsLze8v8Ab2TqOuTT55C5R5CPS5ClPYhsAfJJCXY0htbkZH4ggFp+LYIq5I00RDoDQz+DRlxHM3YSxsoq+K27EDt5WDMzlsmY5gIIn0/Il6+ocpECazDip2BrOuzYCViRBMzoCgT9El+/gEYgUHN3MDLSlMktCFKTQk5QRCgUjoOHYugsRyC3bqObvodv09NlF8DWtKYsvYDM5NCmijycgFA1iOUoeDAMM6BCXEmiq6+ioihv3YC5OdlbtJ0cOlHqgKryYAR8SYXtD/UAMr+LzvZ9VP3+7y6AMT//rq1R1UIRfOMyTAKYTnAxSOEQOLXe2kziq28RHxnbG7iNrdnZ991kCuJmGnK3CJmiNblKPvOAdiCHaiSKT4pybug5qDO2VB4bQ23tNIyNi+CFhzDObqC+fh5lVcXnQIAfeZB68nqloSiojI7ii67jA73XJibQIG8zJo8GeDxZUAeShi3ST+fzP/4HY9nhAMYscTC5Q2oxViFfOeQdgDUQ8IuxO04l+wBg9kP75PcP+V4XbZrrAlC4TmpRxarTBV0sy3ZuZ18W78OrpBYB639yvwHcmnk0jmx5QwAAAABJRU5ErkJggg==');
insert into Categorias (idCategoria, nombreCategoria, descripcion, imagen) values (45, 'Industrial', 'In congue. Etiam justo. Etiam pretium iaculis justo.

In hac habitasse platea dictumst. Etiam faucibus cursus urna. Ut tellus.', 'data:image/png;base64,iVBORw0KGgoAAAANSUhEUgAAABAAAAAQCAYAAAAf8/9hAAAABGdBTUEAAK/INwWK6QAAABl0RVh0U29mdHdhcmUAQWRvYmUgSW1hZ2VSZWFkeXHJZTwAAAFhSURBVDjLjVJRSsNAEJ3WpkKgIA2hVIL/fngJv/3rNbyD4BU8QD57AOkBjOQCPUHIX2m1YAtCku64b5NZtnSrThhmNzvz5s1jesxMsDzPX5RSj7jrSBIPh4ONzvlpNps9m0IkwrMsW+73e/7L1us1z+fzd6kbUGdAhr0uv0hpUowPUTteWP9EvL9happGyo4BaoUyouurARDMmZ1YfFama13XpwCYD5mK2RZR192AGU1a2l4GLQAfdbSRW2aqO59lcNHXUSeVH1U7N7dFwkoAqqryA0CHh9tL20GUJuqZ+3A4pO322z+CW4QOq9WKNpuNuUdRRHEcUxAErdjnRpClQnFZlpbBbrcz76PR6ESDvo+BdE6SxDjOeoHsu3cE/BQGoCnu6uOO6NVAAMbjMem1pqIo7BjQ4VcGLsBkMjFdXRGn0+n/AMIwNA4QnyHHLJ1Hg7c0Te+ALo5Eia5rPRZS9wNIBbXTpSVpqgAAAABJRU5ErkJggg==');
insert into Categorias (idCategoria, nombreCategoria, descripcion, imagen) values (46, 'Shoes', 'Quisque porta volutpat erat. Quisque erat eros, viverra eget, congue eget, semper rutrum, nulla. Nunc purus.

Phasellus in felis. Donec semper sapien a libero. Nam dui.', 'data:image/png;base64,iVBORw0KGgoAAAANSUhEUgAAABAAAAAQCAYAAAAf8/9hAAAABGdBTUEAAK/INwWK6QAAABl0RVh0U29mdHdhcmUAQWRvYmUgSW1hZ2VSZWFkeXHJZTwAAANRSURBVDjLXZNPTFt1AMc/77WltH0F5I9U1sqgc0qFxYNGlODiEj1sh0kC0WkUD2qiNxM9mCVc3IhGd0E9mOjiZdFkzJg5iI5ljARoNPvDwsZgDLvRCaxA4bV97/X9/Xkxhvi5f7/J55t8JSEE2qgkAwNAD2AC3ZGDwmQH2qjUCJwHysBbkYNiAUDa+pkAcDyQeOP1ipZ3dhmZ73Pzq+ri6fAZB+j4Nz/bq78qpxKxlD9YJ5nzx+4AvTU9Iis9+JGjla1vflDZ/FpTITO8fS+74L/QdFZRgi6hgAeAYctYhsaBtV59d9thfG5B02+dyAKdsmUiS5XNlVuLw9uLSwvKdOInpSVqUWsYmH/l0RbzKAWNWLSCq40nwquZ6UpfXWetCLUplkmrtPQt3bYU/m5T3hOfSv4SToT9BHWXfXtqqamSEUjkVZc/59exQz4i+TM8oQ2bgdLcXFAUjkhCCD4+ee4LX83uj5KNCjWmoO9AC1uqyoZmkGiKAeAIODW6hKcI1nKrbGj+wW/efu6oDLDqND3jCfCKFu1769AdQSAQYOz33yioKrZpcn5snNTeetScgSE/hGoFuwD8AKahdTiWhGp61NWFMF1BJBzm/vIyYxcnmL0+g/HYBYyVEooxBDURTEPrAJABLEND020My8N0wfYgpxaJKAqz12c49EoPlnCI17exIr9LSdewDI2dBbOFoo7k98is6biSzJcjh8g1nkZN/soP1/qpV+K0xZ4lUfc4d4t9mOX1uZ0Klwqyf39eCZK+9oBUshrHs3jpyX5c4eF6Lh6CFTVLR7yLkmVwpfxe175j/dV+AKusnbPKWt8t15eS4w4nhwVlx8IVHvc2F7E9B8ezsV2bglnkqUQ3JVuX/shMbsoAk0PvX7bL+lAysq3PZja5uZyl7JRxXIfGqkeJVTXzSHUrAV+IhugurmanmFqaXNctnpaEEACk0+kXo9HoxdzGljswfNv3cPsgZcvC8izKjkWyPkVn68tcXp5m4s54Xrfs7pVBMecHGBkZaQDONjQ0oJVUtbR192t14sj+nWe6kvrseUkOBW7cv8En7V9Vx0Jx878R8/m8AfydTqdbgBdmTn16k//ROnBcG799KfBhy+fFCiNczBt5DeAfIAavfKIsB2UAAAAASUVORK5CYII=');
insert into Categorias (idCategoria, nombreCategoria, descripcion, imagen) values (47, 'Movies', 'Lorem ipsum dolor sit amet, consectetuer adipiscing elit. Proin risus. Praesent lectus.

Vestibulum quam sapien, varius ut, blandit non, interdum in, ante. Vestibulum ante ipsum primis in faucibus orci luctus et ultrices posuere cubilia Curae; Duis faucibus accumsan odio. Curabitur convallis.', 'data:image/png;base64,iVBORw0KGgoAAAANSUhEUgAAABAAAAAQCAYAAAAf8/9hAAAABGdBTUEAAK/INwWK6QAAABl0RVh0U29mdHdhcmUAQWRvYmUgSW1hZ2VSZWFkeXHJZTwAAAIlSURBVDjLpVM9iBNBFP5mf0jIIsIdMSsR90L8iwfWlhaiaCHBNB42ioWg1QmChYiFXG8l5LjiIKCxMSg2ewQFlRQBc4iIiIoJ5kgMJCTh8mOyu743sF70Llg48PFm3rzvzffezAjP8/A/Q5tc5PP5ACU8R1hwXfcI2YMEmrrvyX4mu0LIJ5NJx+cIXwGRj9L8YTgcPmaaJgzDQCgUAu+32210u11UKhU0Go3X5LuQSqWqksgBDNu2X5TLZT7OmzZGo5FXKpW8bDa76vMUXwot5iORyD9rjkajoEPObOsBOWXGer2OYDCIQCAAXdelr9frodlsolqtIh6Py9ipCTRNQ6vVwmAwkOvxeIxOp4PhcCj32LdjAr8mVVWlAg5mUN0yid9sJjuOM10BB/skIYQM9n2KomxToPydwCcweM5gsnj7DFi+gk+X4zBzN2ftU9qtHRVwMIOJXA5bt5jDzI8iDl+8jkBsHv13tvLh1dq9tZP65h8KGJOn+3IHbx7h0InzCH55CbG6gNDXJ5izZlVPeIu/FTCBr4peImq1Gvr9/ladTbpaMwacvbHVvLt7obpibrKES4VC4XEikTAsy5LvgJso38YeE7315zCeXsOwX0OP4rsdKk/Fhpj8jZlMJkaJbhNS1PHd/Be4HL2Uw77WOvbP/ISmfEe3Mca3uuqMBt4dMe07p9PpXUQ+QHCpqR+PF+8vbjY3rqqOsBzVqxLrwWl7vPQLOvKpkCFdDpkAAAAASUVORK5CYII=');
insert into Categorias (idCategoria, nombreCategoria, descripcion, imagen) values (48, 'Clothing', 'Duis consequat dui nec nisi volutpat eleifend. Donec ut dolor. Morbi vel lectus in quam fringilla rhoncus.

Mauris enim leo, rhoncus sed, vestibulum sit amet, cursus id, turpis. Integer aliquet, massa id lobortis convallis, tortor risus dapibus augue, vel accumsan tellus nisi eu orci. Mauris lacinia sapien quis libero.', 'data:image/png;base64,iVBORw0KGgoAAAANSUhEUgAAABAAAAAQCAYAAAAf8/9hAAAABGdBTUEAAK/INwWK6QAAABl0RVh0U29mdHdhcmUAQWRvYmUgSW1hZ2VSZWFkeXHJZTwAAAJ0SURBVDjLjZPLa1NREIe/+0jaNE0VTRvBF1YQwRciUgpCQXwt3AhiVz66ceXSpYL4Nyi4kQiuruLGR32gVBeKithWUatUW6pR21KjJmma3HNmXFy9tQrigbMYmPmdb35zxlFVBgYGdpVun75upgqY8RF25Ic6+L8z4fT396+31j6QcCbtYZk8c5htZ1/8V7Xv+x1+EARDnZ2dRxpf9uabFwIKYRjOSRQRVHVOnEqlIpHu7u7V1tpT0rYfD8P3e31/veS6LiISx47jxIIxQfJZbz7TpiBRAsDJS+OIgEJUICDAib3Z2TZigtb9eI7h2527sYAIrFma+ikQ3cHRCgDW2rkE/uC1fEtWUdVZAVWej04jgIqiYhGNPHBdV/4gOIDnGIq378Y9ntyX49GbCSbLNcq1BhoSSealBBtWMSZRBewswdOr+UxrxKmqiAgX7n9gwfwWNqzI4ic8Jr7VKZZqPH5bYlN7SxrwfiM4iIeheKsvdroxlaY910Sx5mCqFnU8FrdleDFcoVAo4Hme6wZBMFQoFI6M956j/OQ8YolHVK7WSSYTGCuIKDN1oW7AqE8ul8NaK78RHMLFMHW9LzaxqSFBPbSEFoxEourAdKVCNrty7hTch5fzzW0CdvYDLco4lKqWTCpJzSq+6/DpS4hOvebT4Luo1XgX6jNpF8Po8R723BpGRPharjP8ucKHokEUSpUa4fgrtrR+ZGbsMRev3DzmB0EwZIxZt/HVjXdNC1KowsjICMYYjDGkRViV1ug7NwtfS2NMvx+kdflaujaPHXN+GdazamHXsubk1kIlfH/2zdSzf23h0d1Ltu/s6jiuaht+AFR4fcZEARLxAAAAAElFTkSuQmCC');
insert into Categorias (idCategoria, nombreCategoria, descripcion, imagen) values (49, 'Jewelery', 'Praesent id massa id nisl venenatis lacinia. Aenean sit amet justo. Morbi ut odio.

Cras mi pede, malesuada in, imperdiet et, commodo vulputate, justo. In blandit ultrices enim. Lorem ipsum dolor sit amet, consectetuer adipiscing elit.', 'data:image/png;base64,iVBORw0KGgoAAAANSUhEUgAAABAAAAAQCAYAAAAf8/9hAAAABGdBTUEAAK/INwWK6QAAABl0RVh0U29mdHdhcmUAQWRvYmUgSW1hZ2VSZWFkeXHJZTwAAAJ4SURBVDjLpZNLiFJRGMe/q1biA99UpqOilqALmYW6yM2MFLQtwU27bLbNLLSgidEethxcGLRTXIkbFyEYQlQu7qJNMD5AYXxcUZMRMhtf19s5NzRnExMdOPfAOff//f7fOd9HMAwD/zN4/ypIJpPMbDaD+XwOaL1PFAoF1sJisQCaps9M/NP6xEKj0QgOhwO63S6k0+kjHk7B5XKxgr+N6XQKqVSqbbPZ1LVaDbLZ7DEKGONhcrVaBaFQCK1WC9RqNdTrddBqtey+Xq+HSqUCJpMJJBKJutlsQqlUwgEfBAKBPM/tdhP5fJ4RCAQwGAyc6IDs9/vOyWRCIpvO8XhMdjoddm232+z+aDTC6VDYGQd/cH4ikQi7IDFZLBaTmIyIJCbLZDLSYrGAXC4nrVYrBmEHLawlls+YyWQYj8cD6FKh1+s5sRiTsZiiKKdSqSSRfadKpSIbjQaEQiFi5QAPZGm/WCyCwWBgyWazGaRSKUtWKBQkujzAQex2O6aviodYL6REIsEsn2vtrdmp6X6ByxQJvEEPRnwh8GfDJ7dy89fEeSqx4NMFxRp1+PqW9+IlgxVOv+ag+Ok9PSiXdtlKjMfjNxBlDxEfLonrDjZ/jGBzywv82geAjy9AIJGCXqfjnlSY3wFQTl6/378TjUZLSPAICQ+DweDh0kF+++WCf8VAwJ29Pz1wcBW4C0LPphCLxZ4i4XONRsMWEK60crm8cnHz6C1s370HwsY7mJx24CcKMPzOhXINqDN3EIlElo2yGw6HVw4++64dXBCL9jcUMw6P04Lhtzkcd7n0bMw8I87bzgXfxuPRSXuHSxM6mstQSPXmdm7+6heR5oijWAuHSQAAAABJRU5ErkJggg==');
insert into Categorias (idCategoria, nombreCategoria, descripcion, imagen) values (50, 'Games', 'In sagittis dui vel nisl. Duis ac nibh. Fusce lacus purus, aliquet at, feugiat non, pretium quis, lectus.

Suspendisse potenti. In eleifend quam a odio. In hac habitasse platea dictumst.', 'data:image/png;base64,iVBORw0KGgoAAAANSUhEUgAAABAAAAAQCAYAAAAf8/9hAAAABGdBTUEAAK/INwWK6QAAABl0RVh0U29mdHdhcmUAQWRvYmUgSW1hZ2VSZWFkeXHJZTwAAAHdSURBVDjLjZNLS+NgFIad+R0KwuzcSQddunTWXraKA4KCuFKcWYqgVbE4TKJWNyqC2oHKoDBeEBF04UpFUVQqUoemSVOTJr2lrb5+5xsTUy+jgYdc3yfnnOQrAVBCsK2U4WFUvUE546OTcwk82WxWz+fzt4VCAS/B7kMQhB9uiVtQReFkMolUKuWQSCSgaRpkWeYSSZIgiqIjscMfSEAPZDIZWJbF94RpmtB1HYqicEE6nQa9xO/3/5OQoM57/qm2a3PGtyzDtxzF/FYMe6c6F1DAMAzEYrFnLfGZ1A9devqC8o2wpmL8jwJhRcbw7ygGAxJYS7xvuxVVVXklkUjkUdAshgP+DRVfureXbPPcuoKe2b/QDKtIQpXQPOLx+KOgf0nGCCu9smHiu7u8IGuDBHRsS6gdmgmJHEHfLwn9wSgqagc6Xvt8RC6X48MlCeEI2ibDIS8TVDYGBHfAO3ONowvTOacqSEBQNY6gpvOkp3cxgq8/Q8ZxyISWsDAwfY32sSscnhk8SFAFBIWLBPQZq1sOvjX5LozOqTBaxSu0jF5iYVV+FnZTJLB/pN0DDTv7WlHvtuQpLwrYxbv/DfIJt47gQfKZDShFN94TZs+afPW6BGUkecdytqGlX3YPTr7momspN0YAAAAASUVORK5CYII=');
SET IDENTITY_INSERT Categorias OFF;

-- Insertamos datos de Productos
SET IDENTITY_INSERT Productos ON;
insert into Productos (idProducto, nombreProducto, idProvedor, idCategoria, cantidadPorUnidad, precioUnitario, unidadesEnStock, unidadesEnPedido, nivelReorden, descontinuado) values (1, 'Hot Choc Vending', 24, 42, 'Quisque porta volut', '$273.88', 22, 53, 148, 0);
insert into Productos (idProducto, nombreProducto, idProvedor, idCategoria, cantidadPorUnidad, precioUnitario, unidadesEnStock, unidadesEnPedido, nivelReorden, descontinuado) values (2, 'Water - Mineral, Natural', 40, 39, 'Aliquam sit amet di', '$106.79', 599, 216, 498, 0);
insert into Productos (idProducto, nombreProducto, idProvedor, idCategoria, cantidadPorUnidad, precioUnitario, unidadesEnStock, unidadesEnPedido, nivelReorden, descontinuado) values (3, 'Tomatoes - Orange', 35, 4, 'Proin interdum maur', '$206.50', 356, 82, 592, 0);
insert into Productos (idProducto, nombreProducto, idProvedor, idCategoria, cantidadPorUnidad, precioUnitario, unidadesEnStock, unidadesEnPedido, nivelReorden, descontinuado) values (4, 'Monkfish - Fresh', 10, 34, 'Donec dapibus. Duis', '$435.38', 471, 182, 491, 0);
insert into Productos (idProducto, nombreProducto, idProvedor, idCategoria, cantidadPorUnidad, precioUnitario, unidadesEnStock, unidadesEnPedido, nivelReorden, descontinuado) values (5, 'Coke - Diet, 355 Ml', 34, 33, 'Praesent blandit.', '$216.29', 339, 229, 220, 0);
insert into Productos (idProducto, nombreProducto, idProvedor, idCategoria, cantidadPorUnidad, precioUnitario, unidadesEnStock, unidadesEnPedido, nivelReorden, descontinuado) values (6, 'Olives - Green, Pitted', 47, 10, 'Quisque id justo si', '$484.81', 518, 547, 100, 0);
insert into Productos (idProducto, nombreProducto, idProvedor, idCategoria, cantidadPorUnidad, precioUnitario, unidadesEnStock, unidadesEnPedido, nivelReorden, descontinuado) values (7, 'C - Plus, Orange', 25, 41, 'Proin risus. Praese', '$442.15', 363, 386, 411, 1);
insert into Productos (idProducto, nombreProducto, idProvedor, idCategoria, cantidadPorUnidad, precioUnitario, unidadesEnStock, unidadesEnPedido, nivelReorden, descontinuado) values (8, 'Wine - Remy Pannier Rose', 39, 2, 'Cum sociis natoque ', '$294.50', 610, 221, 452, 1);
insert into Productos (idProducto, nombreProducto, idProvedor, idCategoria, cantidadPorUnidad, precioUnitario, unidadesEnStock, unidadesEnPedido, nivelReorden, descontinuado) values (9, 'Kiwano', 1, 16, 'Etiam pretium iacul', '$233.07', 260, 367, 223, 1);
insert into Productos (idProducto, nombreProducto, idProvedor, idCategoria, cantidadPorUnidad, precioUnitario, unidadesEnStock, unidadesEnPedido, nivelReorden, descontinuado) values (10, 'Pepper - Red Bell', 28, 4, 'Etiam vel augue. Ve', '$121.83', 370, 607, 408, 1);
insert into Productos (idProducto, nombreProducto, idProvedor, idCategoria, cantidadPorUnidad, precioUnitario, unidadesEnStock, unidadesEnPedido, nivelReorden, descontinuado) values (11, 'Pie Filling - Apple', 38, 12, 'Praesent blandit la', '$343.95', 353, 466, 397, 1);
insert into Productos (idProducto, nombreProducto, idProvedor, idCategoria, cantidadPorUnidad, precioUnitario, unidadesEnStock, unidadesEnPedido, nivelReorden, descontinuado) values (12, 'Pail - 4l White, With Handle', 49, 26, 'Vestibulum ante ips', '$198.49', 28, 223, 606, 1);
insert into Productos (idProducto, nombreProducto, idProvedor, idCategoria, cantidadPorUnidad, precioUnitario, unidadesEnStock, unidadesEnPedido, nivelReorden, descontinuado) values (13, 'Mustard Prepared', 36, 29, 'Nullam varius. Null', '$361.18', 33, 543, 453, 1);
insert into Productos (idProducto, nombreProducto, idProvedor, idCategoria, cantidadPorUnidad, precioUnitario, unidadesEnStock, unidadesEnPedido, nivelReorden, descontinuado) values (14, 'Squid - Breaded', 11, 14, 'Nam nulla. Integer ', '$230.10', 442, 405, 151, 1);
insert into Productos (idProducto, nombreProducto, idProvedor, idCategoria, cantidadPorUnidad, precioUnitario, unidadesEnStock, unidadesEnPedido, nivelReorden, descontinuado) values (15, 'Wine - Tribal Sauvignon', 50, 23, 'Nullam orci pede, v', '$268.99', 470, 175, 466, 0);
insert into Productos (idProducto, nombreProducto, idProvedor, idCategoria, cantidadPorUnidad, precioUnitario, unidadesEnStock, unidadesEnPedido, nivelReorden, descontinuado) values (16, 'Grapes - Red', 14, 31, 'Phasellus in felis.', '$325.19', 301, 409, 410, 1);
insert into Productos (idProducto, nombreProducto, idProvedor, idCategoria, cantidadPorUnidad, precioUnitario, unidadesEnStock, unidadesEnPedido, nivelReorden, descontinuado) values (17, 'Beer - Molson Excel', 32, 16, 'Duis aliquam conval', '$416.67', 46, 622, 14, 1);
insert into Productos (idProducto, nombreProducto, idProvedor, idCategoria, cantidadPorUnidad, precioUnitario, unidadesEnStock, unidadesEnPedido, nivelReorden, descontinuado) values (18, 'Pasta - Elbows, Macaroni, Dry', 2, 33, 'Fusce posuere felis', '$477.02', 471, 250, 379, 0);
insert into Productos (idProducto, nombreProducto, idProvedor, idCategoria, cantidadPorUnidad, precioUnitario, unidadesEnStock, unidadesEnPedido, nivelReorden, descontinuado) values (19, 'Muffin Batt - Ban Dream Zero', 43, 1, 'In hac habitasse pl', '$206.66', 190, 251, 545, 1);
insert into Productos (idProducto, nombreProducto, idProvedor, idCategoria, cantidadPorUnidad, precioUnitario, unidadesEnStock, unidadesEnPedido, nivelReorden, descontinuado) values (20, 'Vanilla Beans', 48, 45, 'Vestibulum sed magn', '$220.17', 268, 429, 539, 0);
insert into Productos (idProducto, nombreProducto, idProvedor, idCategoria, cantidadPorUnidad, precioUnitario, unidadesEnStock, unidadesEnPedido, nivelReorden, descontinuado) values (21, 'Green Scrubbie Pad H.duty', 37, 16, 'Praesent blandit la', '$446.42', 227, 514, 253, 1);
insert into Productos (idProducto, nombreProducto, idProvedor, idCategoria, cantidadPorUnidad, precioUnitario, unidadesEnStock, unidadesEnPedido, nivelReorden, descontinuado) values (22, 'Nut - Almond, Blanched, Ground', 25, 8, 'In hac habitasse pl', '$497.88', 63, 119, 18, 1);
insert into Productos (idProducto, nombreProducto, idProvedor, idCategoria, cantidadPorUnidad, precioUnitario, unidadesEnStock, unidadesEnPedido, nivelReorden, descontinuado) values (23, 'Juice - Orange, Concentrate', 38, 47, 'Proin leo odio, por', '$132.54', 96, 181, 222, 0);
insert into Productos (idProducto, nombreProducto, idProvedor, idCategoria, cantidadPorUnidad, precioUnitario, unidadesEnStock, unidadesEnPedido, nivelReorden, descontinuado) values (24, 'Honey - Lavender', 13, 24, 'Nullam porttitor la', '$482.04', 263, 416, 249, 0);
insert into Productos (idProducto, nombreProducto, idProvedor, idCategoria, cantidadPorUnidad, precioUnitario, unidadesEnStock, unidadesEnPedido, nivelReorden, descontinuado) values (25, 'Bananas', 25, 7, 'Nulla nisl. Nunc ni', '$496.14', 398, 90, 54, 0);
insert into Productos (idProducto, nombreProducto, idProvedor, idCategoria, cantidadPorUnidad, precioUnitario, unidadesEnStock, unidadesEnPedido, nivelReorden, descontinuado) values (26, 'Fish - Atlantic Salmon, Cold', 6, 29, 'In hac habitasse pl', '$231.69', 698, 664, 142, 1);
insert into Productos (idProducto, nombreProducto, idProvedor, idCategoria, cantidadPorUnidad, precioUnitario, unidadesEnStock, unidadesEnPedido, nivelReorden, descontinuado) values (27, 'Wine - Red, Gamay Noir', 37, 40, 'Vivamus metus arcu,', '$384.67', 87, 10, 160, 0);
insert into Productos (idProducto, nombreProducto, idProvedor, idCategoria, cantidadPorUnidad, precioUnitario, unidadesEnStock, unidadesEnPedido, nivelReorden, descontinuado) values (28, 'Wine - Fume Blanc Fetzer', 19, 9, 'Nunc purus. Phasell', '$464.97', 482, 288, 653, 1);
insert into Productos (idProducto, nombreProducto, idProvedor, idCategoria, cantidadPorUnidad, precioUnitario, unidadesEnStock, unidadesEnPedido, nivelReorden, descontinuado) values (29, 'Shrimp - Baby, Cold Water', 33, 17, 'Proin risus. Praese', '$121.93', 41, 432, 448, 1);
insert into Productos (idProducto, nombreProducto, idProvedor, idCategoria, cantidadPorUnidad, precioUnitario, unidadesEnStock, unidadesEnPedido, nivelReorden, descontinuado) values (30, 'Wine - Coteaux Du Tricastin Ac', 4, 28, 'Etiam justo.', '$349.84', 55, 193, 116, 1);
insert into Productos (idProducto, nombreProducto, idProvedor, idCategoria, cantidadPorUnidad, precioUnitario, unidadesEnStock, unidadesEnPedido, nivelReorden, descontinuado) values (31, 'Apple - Royal Gala', 2, 5, 'Maecenas pulvinar l', '$491.05', 201, 35, 469, 1);
insert into Productos (idProducto, nombreProducto, idProvedor, idCategoria, cantidadPorUnidad, precioUnitario, unidadesEnStock, unidadesEnPedido, nivelReorden, descontinuado) values (32, 'Clams - Bay', 6, 8, 'Nullam molestie nib', '$426.91', 355, 32, 449, 1);
insert into Productos (idProducto, nombreProducto, idProvedor, idCategoria, cantidadPorUnidad, precioUnitario, unidadesEnStock, unidadesEnPedido, nivelReorden, descontinuado) values (33, 'Mayonnaise', 21, 12, 'Nulla neque libero,', '$253.33', 123, 699, 496, 1);
insert into Productos (idProducto, nombreProducto, idProvedor, idCategoria, cantidadPorUnidad, precioUnitario, unidadesEnStock, unidadesEnPedido, nivelReorden, descontinuado) values (34, 'Cheese - Ermite Bleu', 25, 31, 'Vivamus vestibulum ', '$215.54', 606, 347, 190, 1);
insert into Productos (idProducto, nombreProducto, idProvedor, idCategoria, cantidadPorUnidad, precioUnitario, unidadesEnStock, unidadesEnPedido, nivelReorden, descontinuado) values (35, 'Rabbit - Saddles', 45, 34, 'Maecenas leo odio, ', '$408.16', 536, 49, 45, 0);
insert into Productos (idProducto, nombreProducto, idProvedor, idCategoria, cantidadPorUnidad, precioUnitario, unidadesEnStock, unidadesEnPedido, nivelReorden, descontinuado) values (36, 'Cheese - Gorgonzola', 25, 1, 'Morbi porttitor lor', '$103.54', 343, 125, 594, 1);
insert into Productos (idProducto, nombreProducto, idProvedor, idCategoria, cantidadPorUnidad, precioUnitario, unidadesEnStock, unidadesEnPedido, nivelReorden, descontinuado) values (37, 'Lamb Rack - Ontario', 27, 28, 'Suspendisse accumsa', '$302.58', 169, 652, 285, 1);
insert into Productos (idProducto, nombreProducto, idProvedor, idCategoria, cantidadPorUnidad, precioUnitario, unidadesEnStock, unidadesEnPedido, nivelReorden, descontinuado) values (38, 'Wine - Clavet Saint Emilion', 5, 26, 'Cras non velit nec ', '$128.27', 235, 250, 350, 1);
insert into Productos (idProducto, nombreProducto, idProvedor, idCategoria, cantidadPorUnidad, precioUnitario, unidadesEnStock, unidadesEnPedido, nivelReorden, descontinuado) values (39, 'Ecolab - Hand Soap Form Antibac', 26, 30, 'Nam dui. Proin leo ', '$245.49', 575, 62, 595, 0);
insert into Productos (idProducto, nombreProducto, idProvedor, idCategoria, cantidadPorUnidad, precioUnitario, unidadesEnStock, unidadesEnPedido, nivelReorden, descontinuado) values (40, 'Bread - Bagels, Mini', 16, 46, 'In hac habitasse pl', '$157.95', 90, 97, 170, 0);
insert into Productos (idProducto, nombreProducto, idProvedor, idCategoria, cantidadPorUnidad, precioUnitario, unidadesEnStock, unidadesEnPedido, nivelReorden, descontinuado) values (41, 'Wine - Saint - Bris 2002, Sauv', 22, 43, 'Integer ac leo. Pel', '$408.52', 423, 655, 135, 1);
insert into Productos (idProducto, nombreProducto, idProvedor, idCategoria, cantidadPorUnidad, precioUnitario, unidadesEnStock, unidadesEnPedido, nivelReorden, descontinuado) values (42, 'Iced Tea - Lemon, 460 Ml', 11, 48, 'Nam ultrices, liber', '$128.97', 63, 422, 399, 0);
insert into Productos (idProducto, nombreProducto, idProvedor, idCategoria, cantidadPorUnidad, precioUnitario, unidadesEnStock, unidadesEnPedido, nivelReorden, descontinuado) values (43, 'Lettuce - Escarole', 38, 5, 'Etiam faucibus curs', '$183.97', 230, 518, 546, 0);
insert into Productos (idProducto, nombreProducto, idProvedor, idCategoria, cantidadPorUnidad, precioUnitario, unidadesEnStock, unidadesEnPedido, nivelReorden, descontinuado) values (44, 'Shrimp, Dried, Small / Lb', 34, 48, 'Aenean auctor gravi', '$419.51', 319, 338, 397, 1);
insert into Productos (idProducto, nombreProducto, idProvedor, idCategoria, cantidadPorUnidad, precioUnitario, unidadesEnStock, unidadesEnPedido, nivelReorden, descontinuado) values (45, 'Garbage Bags - Black', 30, 46, 'Nulla ut erat id ma', '$195.56', 308, 476, 33, 0);
insert into Productos (idProducto, nombreProducto, idProvedor, idCategoria, cantidadPorUnidad, precioUnitario, unidadesEnStock, unidadesEnPedido, nivelReorden, descontinuado) values (46, 'Wine - Red, Wolf Blass, Yellow', 17, 22, 'Vestibulum ante ips', '$220.80', 324, 457, 453, 1);
insert into Productos (idProducto, nombreProducto, idProvedor, idCategoria, cantidadPorUnidad, precioUnitario, unidadesEnStock, unidadesEnPedido, nivelReorden, descontinuado) values (47, 'Apples - Sliced / Wedge', 44, 4, 'Suspendisse potenti', '$280.34', 340, 266, 338, 1);
insert into Productos (idProducto, nombreProducto, idProvedor, idCategoria, cantidadPorUnidad, precioUnitario, unidadesEnStock, unidadesEnPedido, nivelReorden, descontinuado) values (48, 'Curry Powder Madras', 14, 27, 'Cras pellentesque v', '$297.24', 227, 688, 355, 1);
insert into Productos (idProducto, nombreProducto, idProvedor, idCategoria, cantidadPorUnidad, precioUnitario, unidadesEnStock, unidadesEnPedido, nivelReorden, descontinuado) values (49, 'Lid Tray - 16in Dome', 3, 20, 'Nam nulla. Integer ', '$351.42', 17, 557, 541, 0);
insert into Productos (idProducto, nombreProducto, idProvedor, idCategoria, cantidadPorUnidad, precioUnitario, unidadesEnStock, unidadesEnPedido, nivelReorden, descontinuado) values (50, 'Flower - Dish Garden', 37, 12, 'Quisque ut erat. Cu', '$481.64', 231, 81, 422, 1);
SET IDENTITY_INSERT Productos OFF;

-- Insertamos datos de DetallesPedido
insert into DetallesPedido (idPedido, idProducto, precioUnitario, cantidad, descuento) values (6, 17, '$16.77', 210, 0.69948);
insert into DetallesPedido (idPedido, idProducto, precioUnitario, cantidad, descuento) values (18, 24, '$12.66', 52, 0.12598);
insert into DetallesPedido (idPedido, idProducto, precioUnitario, cantidad, descuento) values (38, 42, '$99.39', 117, 0.87145);
insert into DetallesPedido (idPedido, idProducto, precioUnitario, cantidad, descuento) values (15, 23, '$18.35', 553, 0.68397);
insert into DetallesPedido (idPedido, idProducto, precioUnitario, cantidad, descuento) values (1, 30, '$26.86', 91, 0.96383);
insert into DetallesPedido (idPedido, idProducto, precioUnitario, cantidad, descuento) values (25, 36, '$8.08', 136, 0.2904);
insert into DetallesPedido (idPedido, idProducto, precioUnitario, cantidad, descuento) values (39, 39, '$23.28', 484, 0.16974);
insert into DetallesPedido (idPedido, idProducto, precioUnitario, cantidad, descuento) values (43, 44, '$1.64', 148, 0.21949);
insert into DetallesPedido (idPedido, idProducto, precioUnitario, cantidad, descuento) values (7, 2, '$41.30', 536, 0.80738);
insert into DetallesPedido (idPedido, idProducto, precioUnitario, cantidad, descuento) values (17, 2, '$77.57', 145, 0.88773);
insert into DetallesPedido (idPedido, idProducto, precioUnitario, cantidad, descuento) values (17, 19, '$98.80', 680, 0.71509);
insert into DetallesPedido (idPedido, idProducto, precioUnitario, cantidad, descuento) values (50, 15, '$64.49', 699, 0.6804);
insert into DetallesPedido (idPedido, idProducto, precioUnitario, cantidad, descuento) values (25, 11, '$52.84', 113, 0.31993);
insert into DetallesPedido (idPedido, idProducto, precioUnitario, cantidad, descuento) values (46, 39, '$46.84', 487, 0.16199);
insert into DetallesPedido (idPedido, idProducto, precioUnitario, cantidad, descuento) values (12, 31, '$33.30', 185, 0.62307);
insert into DetallesPedido (idPedido, idProducto, precioUnitario, cantidad, descuento) values (43, 34, '$25.00', 303, 0.81572);
insert into DetallesPedido (idPedido, idProducto, precioUnitario, cantidad, descuento) values (4, 42, '$82.58', 662, 0.2548);
insert into DetallesPedido (idPedido, idProducto, precioUnitario, cantidad, descuento) values (8, 44, '$10.58', 563, 0.13677);
insert into DetallesPedido (idPedido, idProducto, precioUnitario, cantidad, descuento) values (4, 29, '$57.43', 326, 0.7138);
insert into DetallesPedido (idPedido, idProducto, precioUnitario, cantidad, descuento) values (43, 43, '$49.05', 496, 0.19769);
insert into DetallesPedido (idPedido, idProducto, precioUnitario, cantidad, descuento) values (45, 38, '$28.35', 401, 0.39699);
insert into DetallesPedido (idPedido, idProducto, precioUnitario, cantidad, descuento) values (6, 26, '$58.14', 685, 0.41263);
insert into DetallesPedido (idPedido, idProducto, precioUnitario, cantidad, descuento) values (33, 11, '$40.89', 348, 0.03726);
insert into DetallesPedido (idPedido, idProducto, precioUnitario, cantidad, descuento) values (24, 50, '$25.39', 374, 0.77901);
insert into DetallesPedido (idPedido, idProducto, precioUnitario, cantidad, descuento) values (11, 35, '$59.65', 150, 0.12236);
insert into DetallesPedido (idPedido, idProducto, precioUnitario, cantidad, descuento) values (12, 10, '$5.19', 554, 0.06398);
insert into DetallesPedido (idPedido, idProducto, precioUnitario, cantidad, descuento) values (2, 6, '$34.01', 63, 0.3912);
insert into DetallesPedido (idPedido, idProducto, precioUnitario, cantidad, descuento) values (3, 24, '$7.81', 206, 0.70537);
insert into DetallesPedido (idPedido, idProducto, precioUnitario, cantidad, descuento) values (46, 3, '$33.01', 694, 0.22676);
insert into DetallesPedido (idPedido, idProducto, precioUnitario, cantidad, descuento) values (34, 33, '$30.97', 375, 0.71537);
insert into DetallesPedido (idPedido, idProducto, precioUnitario, cantidad, descuento) values (12, 2, '$54.46', 317, 0.67786);
insert into DetallesPedido (idPedido, idProducto, precioUnitario, cantidad, descuento) values (11, 14, '$5.69', 161, 0.24015);
insert into DetallesPedido (idPedido, idProducto, precioUnitario, cantidad, descuento) values (33, 33, '$75.19', 187, 0.84545);
insert into DetallesPedido (idPedido, idProducto, precioUnitario, cantidad, descuento) values (11, 33, '$70.41', 104, 0.6325);
insert into DetallesPedido (idPedido, idProducto, precioUnitario, cantidad, descuento) values (29, 26, '$66.71', 218, 0.21478);
insert into DetallesPedido (idPedido, idProducto, precioUnitario, cantidad, descuento) values (25, 19, '$67.44', 264, 0.16767);
insert into DetallesPedido (idPedido, idProducto, precioUnitario, cantidad, descuento) values (27, 41, '$73.74', 205, 0.51991);
insert into DetallesPedido (idPedido, idProducto, precioUnitario, cantidad, descuento) values (44, 6, '$54.82', 102, 0.45653);
insert into DetallesPedido (idPedido, idProducto, precioUnitario, cantidad, descuento) values (29, 34, '$39.83', 52, 0.11457);
insert into DetallesPedido (idPedido, idProducto, precioUnitario, cantidad, descuento) values (42, 12, '$80.42', 96, 0.47962);
insert into DetallesPedido (idPedido, idProducto, precioUnitario, cantidad, descuento) values (17, 9, '$95.22', 34, 0.04979);
insert into DetallesPedido (idPedido, idProducto, precioUnitario, cantidad, descuento) values (33, 20, '$51.44', 621, 0.54999);
insert into DetallesPedido (idPedido, idProducto, precioUnitario, cantidad, descuento) values (19, 4, '$93.56', 577, 0.9482);
insert into DetallesPedido (idPedido, idProducto, precioUnitario, cantidad, descuento) values (30, 29, '$68.98', 312, 0.24264);
insert into DetallesPedido (idPedido, idProducto, precioUnitario, cantidad, descuento) values (13, 26, '$74.85', 209, 0.32003);
insert into DetallesPedido (idPedido, idProducto, precioUnitario, cantidad, descuento) values (26, 39, '$45.30', 292, 0.46786);
insert into DetallesPedido (idPedido, idProducto, precioUnitario, cantidad, descuento) values (24, 47, '$94.84', 530, 0.09196);
insert into DetallesPedido (idPedido, idProducto, precioUnitario, cantidad, descuento) values (19, 42, '$3.86', 427, 0.86153);
insert into DetallesPedido (idPedido, idProducto, precioUnitario, cantidad, descuento) values (8, 14, '$64.82', 400, 0.77968);
insert into DetallesPedido (idPedido, idProducto, precioUnitario, cantidad, descuento) values (41, 25, '$91.05', 71, 0.75433);

SET DATEFORMAT dmy;