USE FBD2020_1_5312;
SET DATEFORMAT ymd;

-- Insertamos datos de Regiones
SET IDENTITY_INSERT Regiones ON;
insert into Regiones (idRegion, descripcionRegion) values (1, 'Cum sociis natoque penatibus et magnis dis partur');
insert into Regiones (idRegion, descripcionRegion) values (2, 'In hac habitasse platea dictumst. Etiam faucibus ');
insert into Regiones (idRegion, descripcionRegion) values (3, 'Cras mi pede, malesuada in, imperdiet et, commodo');
insert into Regiones (idRegion, descripcionRegion) values (4, 'Duis aliquam convallis nunc. Proin at turpis a pe');
insert into Regiones (idRegion, descripcionRegion) values (5, 'In congue. Etiam justo. Etiam pretium iaculis jus');
insert into Regiones (idRegion, descripcionRegion) values (6, 'Quisque porta volutpat erat. Quisque erat eros, v');
insert into Regiones (idRegion, descripcionRegion) values (7, 'Duis bibendum, felis sed interdum venenatis, turp');
insert into Regiones (idRegion, descripcionRegion) values (8, 'Sed sagittis. Nam congue, risus semper porta volu');
insert into Regiones (idRegion, descripcionRegion) values (9, 'Maecenas leo odio, condimentum id, luctus nec, mo');
insert into Regiones (idRegion, descripcionRegion) values (10, 'In hac habitasse platea dictumst. Morbi vestibulu');
insert into Regiones (idRegion, descripcionRegion) values (11, 'Morbi non lectus. Aliquam sit amet diam in magna ');
insert into Regiones (idRegion, descripcionRegion) values (12, 'Sed ante. Vivamus tortor. Duis mattis egestas met');
insert into Regiones (idRegion, descripcionRegion) values (13, 'Cum sociis natoque penatibus et magnis dis partur');
insert into Regiones (idRegion, descripcionRegion) values (14, 'Cras mi pede, malesuada in, imperdiet et, commodo');
insert into Regiones (idRegion, descripcionRegion) values (15, 'Phasellus in felis. Donec semper sapien a libero.');
insert into Regiones (idRegion, descripcionRegion) values (16, 'Curabitur gravida nisi at nibh. In hac habitasse ');
insert into Regiones (idRegion, descripcionRegion) values (17, 'Nullam porttitor lacus at turpis. Donec posuere m');
insert into Regiones (idRegion, descripcionRegion) values (18, 'Nullam sit amet turpis elementum ligula vehicula ');
insert into Regiones (idRegion, descripcionRegion) values (19, 'Praesent blandit. Nam nulla. Integer pede justo, ');
insert into Regiones (idRegion, descripcionRegion) values (20, 'Lorem ipsum dolor sit amet, consectetuer adipisci');
insert into Regiones (idRegion, descripcionRegion) values (21, 'Curabitur at ipsum ac tellus semper interdum. Mau');
insert into Regiones (idRegion, descripcionRegion) values (22, 'Integer ac leo. Pellentesque ultrices mattis odio');
insert into Regiones (idRegion, descripcionRegion) values (23, 'Etiam vel augue. Vestibulum rutrum rutrum neque. ');
insert into Regiones (idRegion, descripcionRegion) values (24, 'Phasellus in felis. Donec semper sapien a libero.');
insert into Regiones (idRegion, descripcionRegion) values (25, 'In sagittis dui vel nisl. Duis ac nibh. Fusce lac');
insert into Regiones (idRegion, descripcionRegion) values (26, 'Praesent id massa id nisl venenatis lacinia. Aene');
insert into Regiones (idRegion, descripcionRegion) values (27, 'Duis bibendum. Morbi non quam nec dui luctus rutr');
insert into Regiones (idRegion, descripcionRegion) values (28, 'Duis bibendum. Morbi non quam nec dui luctus rutr');
insert into Regiones (idRegion, descripcionRegion) values (29, 'Sed ante. Vivamus tortor. Duis mattis egestas met');
insert into Regiones (idRegion, descripcionRegion) values (30, 'Proin eu mi. Nulla ac enim. In tempor, turpis nec');
insert into Regiones (idRegion, descripcionRegion) values (31, 'In hac habitasse platea dictumst. Etiam faucibus ');
insert into Regiones (idRegion, descripcionRegion) values (32, 'In quis justo. Maecenas rhoncus aliquam lacus. Mo');
insert into Regiones (idRegion, descripcionRegion) values (33, 'Duis consequat dui nec nisi volutpat eleifend. Do');
insert into Regiones (idRegion, descripcionRegion) values (34, 'Fusce consequat. Nulla nisl. Nunc nisl.');
insert into Regiones (idRegion, descripcionRegion) values (35, 'In hac habitasse platea dictumst. Etiam faucibus ');
insert into Regiones (idRegion, descripcionRegion) values (36, 'Proin interdum mauris non ligula pellentesque ult');
insert into Regiones (idRegion, descripcionRegion) values (37, 'Praesent blandit. Nam nulla. Integer pede justo, ');
insert into Regiones (idRegion, descripcionRegion) values (38, 'Duis consequat dui nec nisi volutpat eleifend. Do');
insert into Regiones (idRegion, descripcionRegion) values (39, 'Lorem ipsum dolor sit amet, consectetuer adipisci');
insert into Regiones (idRegion, descripcionRegion) values (40, 'Aenean fermentum. Donec ut mauris eget massa temp');
insert into Regiones (idRegion, descripcionRegion) values (41, 'Sed sagittis. Nam congue, risus semper porta volu');
insert into Regiones (idRegion, descripcionRegion) values (42, 'In quis justo. Maecenas rhoncus aliquam lacus. Mo');
insert into Regiones (idRegion, descripcionRegion) values (43, 'Duis bibendum, felis sed interdum venenatis, turp');
insert into Regiones (idRegion, descripcionRegion) values (44, 'Cum sociis natoque penatibus et magnis dis partur');
insert into Regiones (idRegion, descripcionRegion) values (45, 'Duis bibendum, felis sed interdum venenatis, turp');
insert into Regiones (idRegion, descripcionRegion) values (46, 'Aenean lectus. Pellentesque eget nunc. Donec quis');
insert into Regiones (idRegion, descripcionRegion) values (47, 'Phasellus in felis. Donec semper sapien a libero.');
insert into Regiones (idRegion, descripcionRegion) values (48, 'Nullam porttitor lacus at turpis. Donec posuere m');
insert into Regiones (idRegion, descripcionRegion) values (49, 'Mauris enim leo, rhoncus sed, vestibulum sit amet');
insert into Regiones (idRegion, descripcionRegion) values (50, 'Quisque id justo sit amet sapien dignissim vestib');
SET IDENTITY_INSERT Regiones OFF;

 -- Insertamos datos de Territorios
insert into Territorios (idTerritorio, descripcionTerritorio, idRegion) values ('nNEvC', 'Cum sociis natoque penatibus et magnis dis partur', 46);
insert into Territorios (idTerritorio, descripcionTerritorio, idRegion) values ('eI1TC', 'In sagittis dui vel nisl. Duis ac nibh. Fusce lac', 1);
insert into Territorios (idTerritorio, descripcionTerritorio, idRegion) values ('lHk4U', 'Suspendisse potenti. In eleifend quam a odio. In ', 48);
insert into Territorios (idTerritorio, descripcionTerritorio, idRegion) values ('meoXN', 'Phasellus in felis. Donec semper sapien a libero.', 32);
insert into Territorios (idTerritorio, descripcionTerritorio, idRegion) values ('mRtlm', 'Proin interdum mauris non ligula pellentesque ult', 12);
insert into Territorios (idTerritorio, descripcionTerritorio, idRegion) values ('cFN41', 'Suspendisse potenti. In eleifend quam a odio. In ', 47);
insert into Territorios (idTerritorio, descripcionTerritorio, idRegion) values ('o7eiC', 'Fusce posuere felis sed lacus. Morbi sem mauris, ', 21);
insert into Territorios (idTerritorio, descripcionTerritorio, idRegion) values ('oATkB', 'Fusce consequat. Nulla nisl. Nunc nisl.

Duis bib', 26);
insert into Territorios (idTerritorio, descripcionTerritorio, idRegion) values ('cd4mL', 'In sagittis dui vel nisl. Duis ac nibh. Fusce lac', 9);
insert into Territorios (idTerritorio, descripcionTerritorio, idRegion) values ('akiVY', 'Maecenas tristique, est et tempus semper, est qua', 6);
insert into Territorios (idTerritorio, descripcionTerritorio, idRegion) values ('syAd4', 'Integer tincidunt ante vel ipsum. Praesent blandi', 42);
insert into Territorios (idTerritorio, descripcionTerritorio, idRegion) values ('h6dsY', 'Curabitur gravida nisi at nibh. In hac habitasse ', 38);
insert into Territorios (idTerritorio, descripcionTerritorio, idRegion) values ('mYqs9', 'Donec diam neque, vestibulum eget, vulputate ut, ', 12);
insert into Territorios (idTerritorio, descripcionTerritorio, idRegion) values ('cFvjx', 'Curabitur at ipsum ac tellus semper interdum. Mau', 37);
insert into Territorios (idTerritorio, descripcionTerritorio, idRegion) values ('yEHmd', 'Sed ante. Vivamus tortor. Duis mattis egestas met', 28);
insert into Territorios (idTerritorio, descripcionTerritorio, idRegion) values ('z0rU0', 'Cum sociis natoque penatibus et magnis dis partur', 39);
insert into Territorios (idTerritorio, descripcionTerritorio, idRegion) values ('r5PYu', 'Fusce posuere felis sed lacus. Morbi sem mauris, ', 27);
insert into Territorios (idTerritorio, descripcionTerritorio, idRegion) values ('eqMDW', 'Sed ante. Vivamus tortor. Duis mattis egestas met', 41);
insert into Territorios (idTerritorio, descripcionTerritorio, idRegion) values ('nRbHb', 'Morbi non lectus. Aliquam sit amet diam in magna ', 33);
insert into Territorios (idTerritorio, descripcionTerritorio, idRegion) values ('tuWNy', 'Phasellus in felis. Donec semper sapien a libero.', 30);
insert into Territorios (idTerritorio, descripcionTerritorio, idRegion) values ('nap1b', 'Curabitur in libero ut massa volutpat convallis. ', 41);
insert into Territorios (idTerritorio, descripcionTerritorio, idRegion) values ('hEp76', 'Sed ante. Vivamus tortor. Duis mattis egestas met', 22);
insert into Territorios (idTerritorio, descripcionTerritorio, idRegion) values ('in8PL', 'Integer ac leo. Pellentesque ultrices mattis odio', 17);
insert into Territorios (idTerritorio, descripcionTerritorio, idRegion) values ('csqCu', 'Lorem ipsum dolor sit amet, consectetuer adipisci', 17);
insert into Territorios (idTerritorio, descripcionTerritorio, idRegion) values ('umcFV', 'In quis justo. Maecenas rhoncus aliquam lacus. Mo', 29);
insert into Territorios (idTerritorio, descripcionTerritorio, idRegion) values ('hmBUW', 'Suspendisse potenti. In eleifend quam a odio. In ', 41);
insert into Territorios (idTerritorio, descripcionTerritorio, idRegion) values ('uiEbH', 'Duis bibendum, felis sed interdum venenatis, turp', 13);
insert into Territorios (idTerritorio, descripcionTerritorio, idRegion) values ('b1xRy', 'Aenean fermentum. Donec ut mauris eget massa temp', 27);
insert into Territorios (idTerritorio, descripcionTerritorio, idRegion) values ('euxr5', 'Sed sagittis. Nam congue, risus semper porta volu', 23);
insert into Territorios (idTerritorio, descripcionTerritorio, idRegion) values ('wDzSx', 'Duis bibendum, felis sed interdum venenatis, turp', 20);
insert into Territorios (idTerritorio, descripcionTerritorio, idRegion) values ('v6a2P', 'Maecenas leo odio, condimentum id, luctus nec, mo', 21);
insert into Territorios (idTerritorio, descripcionTerritorio, idRegion) values ('iAmeR', 'Praesent id massa id nisl venenatis lacinia. Aene', 38);
insert into Territorios (idTerritorio, descripcionTerritorio, idRegion) values ('nDNHH', 'Praesent id massa id nisl venenatis lacinia. Aene', 20);
insert into Territorios (idTerritorio, descripcionTerritorio, idRegion) values ('vXvvv', 'Nulla ut erat id mauris vulputate elementum. Null', 23);
insert into Territorios (idTerritorio, descripcionTerritorio, idRegion) values ('mgahq', 'Nullam porttitor lacus at turpis. Donec posuere m', 18);
insert into Territorios (idTerritorio, descripcionTerritorio, idRegion) values ('y3lNb', 'Duis consequat dui nec nisi volutpat eleifend. Do', 48);
insert into Territorios (idTerritorio, descripcionTerritorio, idRegion) values ('cznbl', 'Integer ac leo. Pellentesque ultrices mattis odio', 16);
insert into Territorios (idTerritorio, descripcionTerritorio, idRegion) values ('snoc2', 'Morbi non lectus. Aliquam sit amet diam in magna ', 39);
insert into Territorios (idTerritorio, descripcionTerritorio, idRegion) values ('swggW', 'In hac habitasse platea dictumst. Morbi vestibulu', 46);
insert into Territorios (idTerritorio, descripcionTerritorio, idRegion) values ('ihDKh', 'Aenean fermentum. Donec ut mauris eget massa temp', 22);
insert into Territorios (idTerritorio, descripcionTerritorio, idRegion) values ('uxXZy', 'Morbi porttitor lorem id ligula. Suspendisse orna', 2);
insert into Territorios (idTerritorio, descripcionTerritorio, idRegion) values ('usuf5', 'Fusce consequat. Nulla nisl. Nunc nisl.

Duis bib', 22);
insert into Territorios (idTerritorio, descripcionTerritorio, idRegion) values ('f7ooT', 'Duis consequat dui nec nisi volutpat eleifend. Do', 31);
insert into Territorios (idTerritorio, descripcionTerritorio, idRegion) values ('cXNHL', 'Cum sociis natoque penatibus et magnis dis partur', 1);
insert into Territorios (idTerritorio, descripcionTerritorio, idRegion) values ('weyWO', 'Maecenas ut massa quis augue luctus tincidunt. Nu', 25);
insert into Territorios (idTerritorio, descripcionTerritorio, idRegion) values ('oOviB', 'In congue. Etiam justo. Etiam pretium iaculis jus', 34);
insert into Territorios (idTerritorio, descripcionTerritorio, idRegion) values ('x4saC', 'Maecenas tristique, est et tempus semper, est qua', 12);
insert into Territorios (idTerritorio, descripcionTerritorio, idRegion) values ('inXH2', 'Curabitur gravida nisi at nibh. In hac habitasse ', 15);
insert into Territorios (idTerritorio, descripcionTerritorio, idRegion) values ('ycQ0f', 'Maecenas tristique, est et tempus semper, est qua', 9);
insert into Territorios (idTerritorio, descripcionTerritorio, idRegion) values ('jwNvz', 'Quisque porta volutpat erat. Quisque erat eros, v', 14);

-- Insertamos datos de EmpleadoTerritorio
insert into EmpleadoTerritorio (idEmpleado, idTerritorio) values (16, 'in8PL');
insert into EmpleadoTerritorio (idEmpleado, idTerritorio) values (4, 'r5PYu');
insert into EmpleadoTerritorio (idEmpleado, idTerritorio) values (2, 'meoXN');
insert into EmpleadoTerritorio (idEmpleado, idTerritorio) values (4, 'mgahq');
insert into EmpleadoTerritorio (idEmpleado, idTerritorio) values (13, 'jwNvz');
insert into EmpleadoTerritorio (idEmpleado, idTerritorio) values (7, 'wDzSx');
insert into EmpleadoTerritorio (idEmpleado, idTerritorio) values (8, 'ycQ0f');
insert into EmpleadoTerritorio (idEmpleado, idTerritorio) values (16, 'o7eiC');
insert into EmpleadoTerritorio (idEmpleado, idTerritorio) values (6, 'yEHmd');
insert into EmpleadoTerritorio (idEmpleado, idTerritorio) values (2, 'umcFV');
insert into EmpleadoTerritorio (idEmpleado, idTerritorio) values (6, 'weyWO');
insert into EmpleadoTerritorio (idEmpleado, idTerritorio) values (17, 'x4saC');
insert into EmpleadoTerritorio (idEmpleado, idTerritorio) values (18, 'uiEbH');
insert into EmpleadoTerritorio (idEmpleado, idTerritorio) values (5, 'nRbHb');
insert into EmpleadoTerritorio (idEmpleado, idTerritorio) values (1, 'meoXN');
insert into EmpleadoTerritorio (idEmpleado, idTerritorio) values (15, 'cd4mL');
insert into EmpleadoTerritorio (idEmpleado, idTerritorio) values (9, 'mYqs9');
insert into EmpleadoTerritorio (idEmpleado, idTerritorio) values (13, 'hEp76');
insert into EmpleadoTerritorio (idEmpleado, idTerritorio) values (7, 'yEHmd');
insert into EmpleadoTerritorio (idEmpleado, idTerritorio) values (20, 'mRtlm');
insert into EmpleadoTerritorio (idEmpleado, idTerritorio) values (4, 'v6a2P');
insert into EmpleadoTerritorio (idEmpleado, idTerritorio) values (5, 'cznbl');
insert into EmpleadoTerritorio (idEmpleado, idTerritorio) values (11, 'hEp76');
insert into EmpleadoTerritorio (idEmpleado, idTerritorio) values (20, 'cFvjx');
insert into EmpleadoTerritorio (idEmpleado, idTerritorio) values (18, 'akiVY');
insert into EmpleadoTerritorio (idEmpleado, idTerritorio) values (1, 'snoc2');
insert into EmpleadoTerritorio (idEmpleado, idTerritorio) values (1, 'ycQ0f');
insert into EmpleadoTerritorio (idEmpleado, idTerritorio) values (13, 'o7eiC');
insert into EmpleadoTerritorio (idEmpleado, idTerritorio) values (20, 'cFN41');
insert into EmpleadoTerritorio (idEmpleado, idTerritorio) values (8, 'euxr5');
insert into EmpleadoTerritorio (idEmpleado, idTerritorio) values (3, 'umcFV');
insert into EmpleadoTerritorio (idEmpleado, idTerritorio) values (10, 'mYqs9');
insert into EmpleadoTerritorio (idEmpleado, idTerritorio) values (17, 'iAmeR');
insert into EmpleadoTerritorio (idEmpleado, idTerritorio) values (12, 'h6dsY');
insert into EmpleadoTerritorio (idEmpleado, idTerritorio) values (20, 'wDzSx');
insert into EmpleadoTerritorio (idEmpleado, idTerritorio) values (12, 'b1xRy');
insert into EmpleadoTerritorio (idEmpleado, idTerritorio) values (11, 'mYqs9');
insert into EmpleadoTerritorio (idEmpleado, idTerritorio) values (23, 'nap1b');
insert into EmpleadoTerritorio (idEmpleado, idTerritorio) values (29, 'nDNHH');
insert into EmpleadoTerritorio (idEmpleado, idTerritorio) values (21, 'f7ooT');
insert into EmpleadoTerritorio (idEmpleado, idTerritorio) values (21, 'cXNHL');
insert into EmpleadoTerritorio (idEmpleado, idTerritorio) values (24, 'snoc2');
insert into EmpleadoTerritorio (idEmpleado, idTerritorio) values (27, 'z0rU0');
insert into EmpleadoTerritorio (idEmpleado, idTerritorio) values (30, 'mgahq');
insert into EmpleadoTerritorio (idEmpleado, idTerritorio) values (29, 'swggW');
insert into EmpleadoTerritorio (idEmpleado, idTerritorio) values (28, 'usuf5');
insert into EmpleadoTerritorio (idEmpleado, idTerritorio) values (29, 'akiVY');
insert into EmpleadoTerritorio (idEmpleado, idTerritorio) values (25, 'cd4mL');
insert into EmpleadoTerritorio (idEmpleado, idTerritorio) values (23, 'uiEbH');
insert into EmpleadoTerritorio (idEmpleado, idTerritorio) values (27, 'uxXZy');

SET DATEFORMAT dmy;